1992,1993,1994,1995,1996,1997,1998,1999,2000,2001,2002,2003,2004,2005,2006,2007,2008,2009,2010,2011,2012,2013,2014,2015,2016,2017,2018,2019,2020,2021,2022
-0.359634349702546,-0.34661751829978255,-0.34354892402927717,-0.3462306339589841,-0.3495094544771981,-0.3488127718144989,-0.35590427005825315,-0.35395145579429166,-0.34961114570388835,-0.3568691647193017,-0.35593220083708127,-0.35643309289400893,-0.3538146102246793,-0.3541380811698078,-0.3526858481033896,-0.3502400994376382,-0.3518393177387658,-0.3435405818910809,-0.3353865719258519,-0.33667905490485667,-0.33129639705544606,-0.32839644870187146,-0.3244988672058188,-0.3157162081259565,-0.3184708634886601,-0.3182985721678375,-0.31965880887759474,-0.319743241634987,-0.31020154285604234,-0.3092632806372545,-0.3123670463310308
-0.2330233421209916,-0.21457963285946177,-0.20765505728253209,-0.19737868660905883,-0.1878593204909731,-0.18106498017681882,-0.17912158862859298,-0.20452783369956337,-0.2044861086821142,-0.20429635058123943,-0.22827170491576343,-0.22523149325436956,-0.22798307678761018,-0.2255899916521666,-0.2256574045065114,-0.21906938356182937,-0.21052929135210452,-0.20619831926771262,-0.20094435464808058,-0.1975681912786882,-0.21079092998610452,-0.2234317057448164,-0.22923382401640446,-0.23022193564318214,-0.2213053643734303,-0.22723458232360283,-0.23320748156842547,-0.22647298743925134,-0.23232879704398615,-0.2252921709785443,-0.21741493063027156
-0.35604751041479504,-0.3435317615970844,-0.34147914279731406,-0.34593582327921746,-0.34951334018058433,-0.34825498852457626,-0.35551502906288396,-0.3548149653205314,-0.3509255501013944,-0.35850797148158536,-0.357118800287144,-0.35772466651359325,-0.3557786644968423,-0.3556296595179112,-0.3547377252453791,-0.35307168006579354,-0.35478658704908217,-0.34745849601681467,-0.3380245078057157,-0.3388759548996413,-0.3322001772540393,-0.3291340895019717,-0.32504906886084944,-0.31567086422155316,-0.3182929494063509,-0.31790777655058455,-0.3195097763916088,-0.31874145496310297,-0.30978104717000127,-0.3099940711146313,-0.3102349263735565
-0.35387820504679346,-0.3419049888417048,-0.33974487493281713,-0.34382702413272453,-0.34760084932262225,-0.3458435986637011,-0.35291735113301903,-0.35239688922248874,-0.3490656531252812,-0.3571689899619335,-0.35671260056545995,-0.35792310081409173,-0.3560336913945055,-0.35675104975772465,-0.35586966080210486,-0.35446483081879293,-0.355843555262223,-0.3480967186545253,-0.33962395617487734,-0.3408667620840184,-0.3350024503747453,-0.3321348369705926,-0.3280732962399177,-0.31866430614138425,-0.3219738230598589,-0.322425741071513,-0.3242248115509033,-0.324225405942671,-0.3138463755292012,-0.3140781241294696,-0.3182853203579743
0.09697324489758188,0.09893624788551349,0.06633662106990366,0.04882838821221678,0.08588607366104098,0.10526648369092431,0.09041687290191366,0.032960963647570105,0.030730304576514288,0.06271536056672788,0.030120601614640884,0.0052053485915524965,-0.00677566502298718,0.008017652914683085,0.009637471003767363,0.007634773520476938,0.03519394645406208,0.12243605450579799,0.05649533411300381,0.10121805946846642,0.13466072356435063,0.09604576053055415,0.07972638228861088,0.06248588645201808,0.01674409963218128,0.04928656456676532,0.05501131965518076,0.09001944675150259,0.09472316863212618,0.03492390812387531,0.09524666562208849
-0.35708933125303377,-0.34079480369002035,-0.34305562473076406,-0.3433179978929788,-0.3470852367105232,-0.34378465541951214,-0.3517929087555005,-0.349902105934478,-0.3428693782414617,-0.34914941476035455,-0.3475741769340642,-0.34867675309145807,-0.34500014753813535,-0.33534281597324783,-0.3236910339756027,-0.30908164285752915,-0.2985075579782954,-0.2996778305195579,-0.2909725963684435,-0.2872040088434485,-0.28406948854451153,-0.2844848095980614,-0.2864032519791507,-0.2917828634642276,-0.2977756832106917,-0.297463770846936,-0.294448555241006,-0.29648895358776806,-0.29507412935596333,-0.28897460225009514,-0.2738465170689874
-0.35952271601921754,-0.3474451063566857,-0.34447374367375916,-0.3472750952661664,-0.3513633411789189,-0.34954836471150474,-0.357167733355346,-0.3565753210745994,-0.35267817891281583,-0.3608569146025004,-0.36008217675567067,-0.36103651723025576,-0.35893404127975537,-0.3593088668761177,-0.35800814537346676,-0.3564115040323973,-0.3575469552719085,-0.35000469323358385,-0.3408781120530018,-0.34196403092302097,-0.33602481139061746,-0.33312887431589744,-0.32911995082706036,-0.3198178082391788,-0.3232530728340227,-0.3235255095037398,-0.3253021876187784,-0.32553961154374794,-0.31446098309011045,-0.31485270614187305,-0.3189989577442007
-0.35699939303961586,-0.34399139898394837,-0.3419368971115621,-0.3444732092354788,-0.3480443734429014,-0.3467027717518678,-0.3537653184453041,-0.3522824266304537,-0.34949122968757135,-0.3574148942992528,-0.3563287469010769,-0.35714231984635086,-0.35531849078267397,-0.35599065746206116,-0.3550934636569064,-0.3528054720324501,-0.3538567567005088,-0.34597216728939817,-0.3373752411101328,-0.3389570285249571,-0.33257469962484354,-0.3287279534383179,-0.3239129244086142,-0.31612512943644133,-0.31872503848649786,-0.3191658163844428,-0.3207491324726235,-0.32043202595772,-0.3106193816347953,-0.3112165844672066,-0.3155347616087776
-0.3400349445698513,-0.32374013356711584,-0.32358799808789207,-0.32319019548656847,-0.32564106214077587,-0.32233661335378666,-0.32389565808814647,-0.3239383129633215,-0.32161658904662904,-0.3246627685269547,-0.32794769338111746,-0.33297150881671644,-0.33490494876373983,-0.33053659832610277,-0.32915998871510393,-0.3280480136288818,-0.3279715462743833,-0.31186707012166875,-0.3089161081532361,-0.3043454314952869,-0.2982683789946071,-0.2934829144503197,-0.28604452811362896,-0.272359567375867,-0.2694722172157516,-0.2738617408607008,-0.2758750374110265,-0.2688384484676626,-0.26444590964983483,-0.26968229055658655,-0.2623383204320659
-0.3192000356249536,-0.3143653873818203,-0.31416358285163143,-0.31100653173009984,-0.3172430275163494,-0.31941519522155465,-0.321446251501162,-0.3250489287399769,-0.33012968510586793,-0.33615373722229747,-0.33400124116677204,-0.3313246632582598,-0.3233608615454417,-0.32268606188614796,-0.3182506693424843,-0.307505811612897,-0.30505057481648007,-0.3016836813824465,-0.2967449139318326,-0.29203359231988085,-0.28994185767325364,-0.28426708380480137,-0.2806325555120936,-0.2743241463633597,-0.27304543630948863,-0.2710827755381124,-0.27235803504328365,-0.2712317308067414,-0.2638474720067145,-0.26236641759576657,-0.26066406133279724
-0.34714793006106115,-0.33504200917476773,-0.33335400684652894,-0.337806160858103,-0.34164976666654145,-0.3373096063956576,-0.3440047054737579,-0.3415894803360149,-0.33832954660686093,-0.34680346165186016,-0.34497698030580976,-0.3481841386350765,-0.34758749686500756,-0.34845793612314563,-0.34859496237055093,-0.3476207808025151,-0.3501809785797304,-0.34271588299685823,-0.3350512816790637,-0.3366783987807649,-0.3305566464901069,-0.3277033914848846,-0.3238613038303262,-0.31410814698226536,-0.31778919037733727,-0.31848666172595835,-0.3199497502552463,-0.31996681561329554,-0.311527097417156,-0.31160692186876127,-0.3145073011248363
-0.35789731269658226,-0.3458163652208112,-0.34377168716755385,-0.34575689398231424,-0.34785777647534066,-0.34448645474842626,-0.3511354960917423,-0.34982506931380014,-0.347146602424918,-0.35463465371603103,-0.3541423457193101,-0.3540491133001391,-0.3515009823875132,-0.35159884497174937,-0.34987472787085394,-0.34758029124173506,-0.3483813143620255,-0.34052118583095325,-0.332302334169266,-0.333419632657166,-0.3284528234290249,-0.3250704359326853,-0.321094742925712,-0.3119678320947457,-0.31450651512796324,-0.3139544028720983,-0.3150124060457345,-0.31556449323772284,-0.3057326373486443,-0.3048173483263887,-0.30827617448809685
-0.2744300854226907,-0.25826352820139653,-0.26966724674560166,-0.3061941307848218,-0.3121812890252174,-0.3038571554347265,-0.30606038070646197,-0.3176068936957838,-0.31102728256085727,-0.3195277184110519,-0.3160736406768178,-0.3134953606975077,-0.30667056912387697,-0.30714275497357324,-0.30327564730655376,-0.2983673958200567,-0.289477998390891,-0.295266718791183,-0.2898018105240378,-0.27056687776808486,-0.26306356509199474,-0.2733709749800105,-0.27220773366015544,-0.27387067915101626,-0.27984995490139136,-0.2753288636340963,-0.27397436872189646,-0.2738661076924767,-0.2665037884120564,-0.26461266810108236,-0.27470765639081457
-0.35791839520873336,-0.3458000319010516,-0.3428744611783997,-0.3460705704431644,-0.34960646286168806,-0.34798110398397536,-0.3552792741920939,-0.3545009816878897,-0.3506195000247116,-0.3586113919264401,-0.3576845527867553,-0.3588456428516925,-0.35716914576992914,-0.3575558447217644,-0.3561982115430263,-0.35478463783830977,-0.3561306769138837,-0.3485682554080917,-0.33967418890236967,-0.34071812335326235,-0.3347342905588867,-0.33187874826014013,-0.3278629034147589,-0.31850249864916147,-0.3219498425897291,-0.3222481533904335,-0.32404666708104196,-0.3241731109208666,-0.3136258527455748,-0.3138122243605428,-0.3178026689350609
-0.3507810660477734,-0.3392281209531845,-0.3359574442523002,-0.3389201674867786,-0.34201514796974414,-0.34092831608979973,-0.34798396229013623,-0.34926105325468926,-0.34564300906865186,-0.3528914372255887,-0.35212711997014856,-0.352736043650137,-0.35002120005138504,-0.3496695344875282,-0.3463948674480037,-0.345031958200134,-0.3440287575307475,-0.33656380215148113,-0.32706849570689,-0.3266255120508612,-0.31825366621153106,-0.31500383047638014,-0.310552722729604,-0.3057199070016077,-0.3113385993769588,-0.3113699131434735,-0.3127346869935559,-0.3130803624085836,-0.30507443603187917,-0.3035165178806255,-0.31020090451732735
-0.0023576857127192968,0.027794339840215617,0.02341186802506346,0.0013450818131595446,-0.02133542402015799,-0.013024583075162176,-0.009555987867946323,-0.043227838124664436,-0.03544547243963798,-0.01195501214392572,-0.015026113858045743,-0.012857531838185221,0.010754865383428416,0.034493830560488735,0.035946648218490446,0.03640836529699299,0.06608175223554505,0.04984374632880261,0.0785223219982422,0.10598685166011161,0.07832968780448041,0.06240557536879786,0.027988240434402685,0.00807471504636331,0.004060071343582624,0.01843220619655454,0.0161988023977742,0.0013965356858394193,-0.0025495805527582256,0.01443698221032619,0.04966593050116976
-0.35350034396234253,-0.3410391097691504,-0.3382422276283521,-0.34178810228848233,-0.3451086973478871,-0.3437232891697078,-0.35073292429185854,-0.35018038857648837,-0.3466504284500968,-0.35477889183091793,-0.354502781839386,-0.3555743033050078,-0.35435026708390394,-0.35454775176245684,-0.3534384128284192,-0.35229213650553526,-0.35399847540755675,-0.3460512641441123,-0.3381389912476888,-0.33964158830707425,-0.3337801976034859,-0.33082332145610366,-0.3269474119642583,-0.3174278790828233,-0.32091653140726506,-0.3213837810041057,-0.3232814334638093,-0.32330282160926516,-0.312830564016222,-0.31349238301683613,-0.317774747509813
-0.3434747786002794,-0.332163784238251,-0.3307007022802415,-0.33354841786164663,-0.3365953556617445,-0.3333698871257935,-0.3440448893187865,-0.34035420608126826,-0.3386752190350358,-0.3476248306740139,-0.34676644498273224,-0.34616452254543484,-0.34430184801556896,-0.3442925285632378,-0.3455219170445279,-0.3440087950516021,-0.3485542513922078,-0.34224494465453537,-0.33190831617330424,-0.33236707508868013,-0.3268686107801534,-0.32149085239188835,-0.3169020767742707,-0.3099588488251551,-0.3114478614761363,-0.3145870977543417,-0.3163122265112992,-0.3180347529318953,-0.30860110090619886,-0.3069716422011148,-0.31066651769809994
0.9528773448685978,1.0299828068334211,1.0032799189768977,0.9713942383502184,0.9984807795883953,1.0147610674356862,1.0969293134043079,1.1962681368940553,1.2125263852780783,1.2044670918865783,1.089785283422396,0.9960084886396168,0.9209917004717232,0.8938456202739773,0.7980997600429027,0.7045816002822065,0.6287712959655369,0.5167548013249268,0.48380460386672247,0.47158288901032536,0.44959476085514344,0.4301344930746028,0.4279169902583796,0.3796821478780072,0.3808296757232572,0.36339593290426053,0.3537715530807161,0.37179079099441514,0.31372728715455606,0.3166635307826842,0.37222862860291633
0.601181782500245,0.5592340408379828,0.5112624546438044,0.5037425563403503,0.45364080998730477,0.3988792587376595,0.442358241937494,0.4052255159384986,0.3298982442340638,0.36394439202675344,0.35448981122880213,0.3491044694513266,0.3329899869171036,0.2934992514145407,0.260710137921419,0.2809737880278313,0.30361623287289174,0.36081598609688803,0.3378472963427997,0.36144176616437174,0.32252358468903664,0.36042084782599365,0.2979004077662161,0.30529385214528787,0.3490463806654998,0.28721834492649984,0.2708136924539047,0.2715518121946957,0.2967606399505389,0.26836358454996645,0.26112683275017695
-0.24805956729552256,-0.2439680658604841,-0.23410098656619824,-0.22122755133396116,-0.23397633878814914,-0.2288431235402614,-0.23941767430338545,-0.23986695872287864,-0.2408671471296433,-0.2463056491554001,-0.25235780734362057,-0.250966878369059,-0.22780473066683213,-0.21706008984321873,-0.19116245657839795,-0.19222914673203423,-0.22125892960730245,-0.2095439625538995,-0.19730177825113926,-0.2021892584211356,-0.2082822755235179,-0.2121594921014793,-0.21628945440017058,-0.22017778044828823,-0.2216426823218373,-0.22003236363438555,-0.22284406076474583,-0.22983328130884895,-0.21241280681548982,-0.21159576006894867,-0.21625409092994374
0.1277025082118919,0.08759513628350739,0.39679741966023274,0.44734727137716684,0.541804270211386,0.6742190935671395,0.7242087788773998,0.7298009713463807,0.8503905701903736,1.009951721556173,1.22445186361052,1.4803122185424982,1.6696072114621636,1.8822470184825937,2.0971002334798,2.2987370963730736,2.408873886400602,2.4425707776954013,2.5529226057148957,2.6256072368721104,2.7439847677416354,2.876014010130754,2.9252727200125084,3.0141612952401764,2.8955364474209677,2.8872819237382337,2.908893763517612,2.924671167545482,3.1930121314608115,3.3133189607418867,3.2399056821437564
-0.3394046575797837,-0.326503721446883,-0.33158405086277337,-0.3338866556720401,-0.33612155741680827,-0.33435847541858554,-0.34334537823630074,-0.3446205864007521,-0.3404518929173013,-0.3471416905979372,-0.34668327251367015,-0.3484812169974906,-0.3462252218040657,-0.3469286535816558,-0.3457206009344424,-0.34298062734089046,-0.3440332583345474,-0.33816596648375924,-0.33046156378631514,-0.3312763102285198,-0.326148528924539,-0.3225634746521274,-0.3180778105781688,-0.3105558604234676,-0.3141241149560533,-0.3149683862239613,-0.31636497803134594,-0.31596820179528934,-0.30663388133232916,-0.30726119114017025,-0.31089727896464087
-0.27897772767969836,-0.2657320013846227,-0.2582303303715423,-0.2669630166110575,-0.26643251981501564,-0.2635721210797216,-0.2728681295817018,-0.27033812432591336,-0.27736541683522653,-0.2849383632904727,-0.2912093811872713,-0.2967500589390233,-0.2935522141416906,-0.28788030320236757,-0.28722278594789485,-0.2850752434986116,-0.27674129835635314,-0.26581177210375206,-0.2593451540409528,-0.24673929279761803,-0.23759160781074015,-0.23922265436349274,-0.24562136098508922,-0.2552626009482381,-0.2626182090776667,-0.2611796886808695,-0.26076955670373697,-0.2623289167353346,-0.2676434677039591,-0.2619009848840212,-0.25164194321922306
-0.33484110599509787,-0.3199615385090654,-0.3184568088791418,-0.3214238826338287,-0.32468756413078775,-0.3213894165550769,-0.3230982226650982,-0.323731340111279,-0.32229493684192384,-0.32847186450796795,-0.3293195580111356,-0.3323636369916022,-0.3329082324372052,-0.33425937346601664,-0.33387863440510135,-0.3335778268024038,-0.3357810369712692,-0.32671293334407053,-0.3196008384829245,-0.3217138925940408,-0.31517383969642,-0.312184794840645,-0.30787160666749597,-0.29620096213824004,-0.296583347633016,-0.297481251483028,-0.2998374498048422,-0.29836601907736265,-0.2890357564041495,-0.29073966070192203,-0.29217480960491615
-0.33149324133633296,-0.3226041062426525,-0.3200304499963039,-0.30805123692598746,-0.31108843209768805,-0.31397474257538666,-0.3172262121451244,-0.31848475063957404,-0.3197228320724294,-0.3253445462871087,-0.32635068166707565,-0.326698140361087,-0.3262325367432022,-0.32975060767052017,-0.3316825251805657,-0.32966227685103383,-0.33210160352149737,-0.322304243262177,-0.3185109563778693,-0.3203981422063714,-0.31673679274240385,-0.3134115265880868,-0.3091878226443697,-0.3004218211011128,-0.3017942118057705,-0.3013009306032277,-0.3021150372978492,-0.30116677185728485,-0.288463117668174,-0.28987445035052833,-0.29420510639409614
0.11621655155248072,0.07944939482680405,0.0630311685257447,0.06053883348614503,0.049738920354631726,0.008030665843948405,0.019637681820941215,0.026071197264377035,-0.0029106516504212544,0.01722432934765274,0.028266379456067012,0.03181259905869331,0.009706043983371167,0.004276729356875027,-0.002937564089134733,-0.009510724371379248,-0.004259701407387327,-0.01541201006269081,-0.05670682649843324,-0.06837953290599909,-0.08323784578508835,-0.07661969391610143,-0.07466472363457503,-0.08332840296630356,-0.07872580285140009,-0.08144928048591166,-0.07967102951509762,-0.0744570185490018,-0.06390320507065596,-0.07241121368973165,-0.056526778296237375
-0.32430261630592144,-0.309290129575695,-0.30753762735506335,-0.3127014253735141,-0.314927635190533,-0.3115436758151626,-0.3149613880656291,-0.3145593360011539,-0.31191761143007307,-0.31994078280885674,-0.3205882719359659,-0.32415247722504303,-0.3284656213478554,-0.3301267733376105,-0.33176791413359363,-0.3317718033280292,-0.3366095052674041,-0.32781487681519017,-0.31986299895870046,-0.3214926392664128,-0.31521914564897213,-0.3119271759311337,-0.30710137683345784,-0.29622952746156256,-0.29701517664374205,-0.2986487555981777,-0.3009459181499614,-0.300336115464243,-0.29608095788219546,-0.2940658835817361,-0.2951204753239539
-0.32349641759887504,-0.3171756336864982,-0.312483837816383,-0.31668147179869666,-0.31922810766704496,-0.3169312080517701,-0.3288838349821456,-0.3285694717834952,-0.32494387112352624,-0.3324505245386999,-0.33106662607215137,-0.33111147900227245,-0.3291345337700068,-0.32627915976815974,-0.3230902851491229,-0.32222807257442043,-0.3188850518478935,-0.31534900713914216,-0.3072896351034755,-0.305758878846535,-0.2987844149680249,-0.29629318908715363,-0.29171949653576557,-0.2903044997369254,-0.2949781947748263,-0.2949631434901598,-0.2958737541267738,-0.2948972770344416,-0.2867297121579817,-0.28661080123074995,-0.28698560336233697
-0.26008899324447304,-0.24988004788922266,-0.26206300970583934,-0.2662259165743133,-0.27066730317012905,-0.26931365290949155,-0.2787470788165432,-0.28223590014714534,-0.27603556904323423,-0.27591773369328104,-0.28604947060627756,-0.2892996156933316,-0.28485747617476914,-0.2806967941437209,-0.2785814090666342,-0.2733248802042065,-0.25848550826445316,-0.24585350882117937,-0.2594586927926724,-0.2704559905019509,-0.2715305299501931,-0.2665174404900071,-0.27190538091762606,-0.25880421902901235,-0.27317629079833994,-0.2743507901581376,-0.2679687189441596,-0.2601254279450611,-0.25310419591082134,-0.26920775791660156,-0.25022366901280196
0.5009396279577907,0.4112130320745478,0.4191845762858445,0.46117773824662234,0.50250830164305,0.4776356041206332,0.5687523858004575,0.5581160613430679,0.4596675791066392,0.5204326597040367,0.5353657037030477,0.59489793656325,0.5483067499076731,0.4758971681681671,0.4294224723484244,0.4518172464358484,0.41450135533955995,0.41052579573003767,0.30423342405263504,0.304667832451635,0.25378745338062386,0.2755164116937934,0.27731173014711763,0.24740582848821424,0.2877024384522783,0.2873444941476971,0.28306848072853474,0.27605999045823304,0.1907401152190914,0.19405035215767397,0.23727530893915103
-0.3374584231028009,-0.3271476541101092,-0.3249413622774623,-0.33015439464247176,-0.3347291439566234,-0.3302473514704277,-0.33363182664660845,-0.33491261015469137,-0.3362775398160384,-0.3417791538368855,-0.33994508431068615,-0.3380389291526543,-0.3343661166239997,-0.33275138035578156,-0.3315741338141369,-0.3269451252121187,-0.32800857886279966,-0.3238340312256134,-0.3155973363491331,-0.3125156432272771,-0.3082417462155452,-0.3044775494675881,-0.3006160698171987,-0.29507813017926215,-0.29637519343325874,-0.29670683678967413,-0.2977646913920123,-0.29731114633856415,-0.2866930875701651,-0.2852669838799133,-0.28792964359817574
-0.1179092899629412,-0.11952840596144808,-0.09577705205337811,-0.05855038689514365,-0.07470136337346801,-0.08808373259972796,-0.06996789060776017,-0.07872192973600048,-0.10110557246551825,-0.10151562358173767,-0.09878000950695,-0.09788200680775398,-0.10442394825995309,-0.12031657319773754,-0.12672549952011544,-0.11945018757639345,-0.12090112025875092,-0.14795821876784004,-0.17365082378218133,-0.18366134561588077,-0.19438841012103428,-0.19279259043810432,-0.19691569685052884,-0.20288028658734597,-0.20086279636490936,-0.19659202885801888,-0.19630998825010434,-0.1933056916047671,-0.18959331619562383,-0.19532073233506045,-0.19834609709340284
-0.35361519335248476,-0.34116863679554366,-0.337843398699556,-0.3414830529181201,-0.3439321613277378,-0.34308662880117624,-0.35180388275885244,-0.3504284035467144,-0.3477224387031546,-0.3560097953812934,-0.3548745740320908,-0.3555424057794923,-0.35424370652078563,-0.3548384196934899,-0.35442387553817534,-0.35314056615533257,-0.3541420650803017,-0.34712582374349105,-0.33806862141521155,-0.3389408486855537,-0.3329076039704713,-0.3301842593788873,-0.32607165883846084,-0.31687104888951184,-0.3201350040997128,-0.3204799572914373,-0.32224098898993925,-0.32244228895395755,-0.31303279308890586,-0.3137967521764747,-0.3169868351311582
2.160645060314055,1.8980549945828535,1.796429074983498,1.8369093813494675,1.7848439563341725,1.6762655239333393,1.893150011587928,1.7725591623290422,1.503720038822651,1.601311416904512,1.606824737326599,1.6188151417279844,1.5149024610221407,1.3620962153584124,1.2466961297072676,1.2075367499059122,1.164121327174631,1.1334100944302348,0.8980598765976469,0.8623341531327684,0.7735485285524378,0.7922016223968088,0.7902636747828258,0.7332295133860757,0.7710006125150648,0.7400974383477336,0.7525325042392437,0.7401882450533214,0.6161833998527453,0.5742509711094328,0.5878480466862392
-0.33859226719554,-0.33071586039086764,-0.3268150759511301,-0.3302907767754065,-0.3310630563336683,-0.3322268471342416,-0.345396118755138,-0.34170746934887253,-0.3362648095382727,-0.34734626572000205,-0.34690849458721734,-0.3473405807562059,-0.3448612683884529,-0.3428400420911364,-0.34275050269294965,-0.3412193488347402,-0.33996977013162777,-0.33628593384789357,-0.3267283013766396,-0.32562246124348154,-0.32152405228827946,-0.31967431896001564,-0.31872045292075213,-0.3107532267007288,-0.3144640796815057,-0.3138105639144643,-0.3143319849508474,-0.31497419638217006,-0.3052680248396123,-0.3035304551018948,-0.3067511661849876
1.9233662213308889,1.8073670574421012,1.7671435730506857,1.7461425935410253,1.8117380871315727,1.8494490108922077,1.9598068455685076,1.8867276424773245,1.6763872506884518,1.7595079197578556,1.717002934524303,1.6655148692291468,1.5817044788450618,1.497799103321993,1.4823151274181596,1.3028417504355592,1.1209285311577832,1.0736867045397909,0.9031893941593326,0.8841367084252343,0.827824512286859,0.8079684542873433,0.8205874895395707,0.8245565831878902,0.8082458939157349,0.7664931111049245,0.7694294672671392,0.7784439900974653,0.7014208451445345,0.6036920266699658,0.6436741644070665
-0.34922519366479937,-0.33782079749577293,-0.33484601496207667,-0.34391125781196374,-0.34927489139921153,-0.34707673936042444,-0.3541689190602616,-0.35399201638756295,-0.34959704028063276,-0.35711707171787654,-0.3555427916614536,-0.3560809160152677,-0.35381725009525095,-0.3533287800675741,-0.3520117215651636,-0.3499889105857734,-0.35117982895021255,-0.34322857532897694,-0.3341665192029505,-0.33450306134528035,-0.32781813612975946,-0.3236555906535037,-0.32012813283903807,-0.3114737288966689,-0.3144607636347214,-0.3137327865651258,-0.31465115610789346,-0.3138635023851846,-0.30702459954889977,-0.3067809757497672,-0.3066734023132873
-0.35100138343695203,-0.3382912999862301,-0.3353903991926409,-0.33850285004598046,-0.3388065488676081,-0.3378662479882496,-0.3430528603565532,-0.34336945102431293,-0.34137793986263393,-0.348970541227388,-0.34776090078905186,-0.3484780033811611,-0.34748664279748914,-0.34815701395385384,-0.3454891532197697,-0.34375438304787587,-0.34460052693204063,-0.3333878796119429,-0.32462423264678547,-0.3207619059978427,-0.31275568384469143,-0.3116439482536366,-0.3089915907107883,-0.29650477172125916,-0.29786508425945213,-0.2966375613558975,-0.2980651630927405,-0.29406251309263043,-0.2959672665440059,-0.2908263224862869,-0.2999338123069923
-0.35343172767004355,-0.34106282732925813,-0.3396881929400545,-0.34334962242871986,-0.34736922702480877,-0.3460268414814794,-0.35319969793102174,-0.35281373126931204,-0.34944713785547177,-0.35701078796729857,-0.3565488612402143,-0.35756471640398074,-0.35615614305884985,-0.35654798838914953,-0.355749120925297,-0.35348350571595955,-0.35507583289451133,-0.3469196107847767,-0.3375861160730795,-0.3389827876118314,-0.3327607485627858,-0.3304100640834731,-0.3263347577792373,-0.3174304435618333,-0.31980584896195247,-0.31763532897333063,-0.31968050259777026,-0.3198802019114569,-0.306113128656507,-0.3079321332707369,-0.3102624987947146
-0.3584791081341041,-0.3464259144357959,-0.34402310574543615,-0.3469278930128936,-0.3505881227514738,-0.3490642053511238,-0.35635882323124335,-0.35582302596040355,-0.3519793805962102,-0.360329851275409,-0.3595189318398018,-0.36061979720767645,-0.35848488521006844,-0.35891670073138593,-0.3576893259866124,-0.35611907627289907,-0.3574419916585454,-0.34975969616118735,-0.3408269554147411,-0.3419035087110628,-0.335947603440065,-0.33307693553943024,-0.32907610135563053,-0.31971775676604847,-0.3231544798804235,-0.32340824984533295,-0.32504479914054335,-0.32528188668293145,-0.3143918286568396,-0.3148597243171457,-0.3190458254343205
-0.3602282374589495,-0.34799269846283537,-0.34487268713218494,-0.34787643748804137,-0.3514910038840251,-0.34976283408414305,-0.3574066091027021,-0.3566049521711704,-0.35255584871263834,-0.36066640553824003,-0.3599116593739999,-0.36087570951691395,-0.35881852472131687,-0.35923482377258087,-0.3580498513221205,-0.3563091530827429,-0.3575412454970765,-0.34991865769664465,-0.34100129441011184,-0.34183738325698526,-0.33612840798212035,-0.33317248970717217,-0.3291491890393958,-0.31969144193984356,-0.3230428175110489,-0.32324621391163644,-0.3250236866629819,-0.32534325611370096,-0.3143511945044943,-0.31474017219988804,-0.3189067313923866
-0.21449084651306433,-0.2233348929891946,-0.22567943165297338,-0.22894805123807319,-0.23138726412448493,-0.22316843039074769,-0.22268125588463047,-0.20674432466232756,-0.20582318708700856,-0.2045445039564474,-0.21232638102054305,-0.20696135237973906,-0.19246896580281117,-0.20637205053610955,-0.21483667949652008,-0.20502184907843937,-0.20428073981435646,-0.21116148213553665,-0.22794981629672123,-0.23554826248910798,-0.23782670521106783,-0.23505084989272657,-0.22834692377530383,-0.23135715631410209,-0.23507635808869873,-0.23100545282382956,-0.22478218717108983,-0.22391495338635412,-0.23696359617208648,-0.22533310749682023,-0.2168399030704796
-0.3444152106361893,-0.3316827451968032,-0.32901423187619,-0.33102923646213966,-0.33554363884975175,-0.33261567571931855,-0.3373777870925669,-0.33786992909069646,-0.33441892817621177,-0.3344997024798156,-0.33426396284573634,-0.33801954840986825,-0.3375523819422259,-0.33974648146801095,-0.3395776654042205,-0.3381987053106518,-0.3399910605280773,-0.330254382058833,-0.3225660886222302,-0.32348578328100647,-0.3185989126118106,-0.3175397745359813,-0.31280657893999325,-0.3026923194687919,-0.3053751948167329,-0.3061893000744359,-0.30925989947930954,-0.30889999773448323,-0.29829485464453687,-0.2994343591973928,-0.30183479555014864
0.7183220456044676,0.834821540359784,0.8039639979922703,0.7532125316377606,0.7699988771931934,0.7648360840658465,0.715224063874545,0.6650030116979184,0.6757326500073499,0.6870043722891293,0.6852934314532678,0.6390934246747095,0.5885252523552255,0.5744863391364711,0.5290935953020895,0.4759365176293766,0.42553005866722743,0.4931062785124135,0.47979986145206627,0.44022760356321294,0.46647407066652846,0.4994736950624941,0.491337458911638,0.5354226292088876,0.5544659037063732,0.5301671230843842,0.5042764192806733,0.4717703630153,0.4667962449701415,0.4534455835762124,0.3492940806211002
-0.34639375496158975,-0.3333678368069526,-0.33049102895482235,-0.33243142440139245,-0.33517420884474924,-0.3322009120758451,-0.33648913521150126,-0.338341708639984,-0.3344979498810579,-0.34127419317837787,-0.34054694372605454,-0.342939511272931,-0.34183814268100726,-0.34282060245391116,-0.3430868711188573,-0.34264530405810306,-0.34469926708727094,-0.33751009643871904,-0.3285468726680194,-0.32882649344963283,-0.32298826481412296,-0.3213421399857737,-0.3170128173775143,-0.30672311847375544,-0.3099266326078653,-0.3105366380314606,-0.3133351724369182,-0.3133213490844959,-0.30387116402820197,-0.3038079053140244,-0.30664863207471915
-0.3032392260854836,-0.29288457988201094,-0.29713757916958355,-0.3105443359322117,-0.3094126280551063,-0.30905947082287993,-0.3143436584140227,-0.317720848334974,-0.3160899292054122,-0.317955279505438,-0.3146172650229262,-0.3097287507507945,-0.3080737680342772,-0.3120404711341884,-0.3121765938809358,-0.30972834406816,-0.31235128378157373,-0.30602559991232864,-0.3046180276579426,-0.30685985516085584,-0.30478955092618837,-0.3012569448140227,-0.2960253544326401,-0.2873836007065694,-0.28757448471843416,-0.2873554227488076,-0.28859181877803214,-0.2873403507580293,-0.2839016418496582,-0.27895568022615563,-0.27790538391146186
-0.3588806107969438,-0.34650070515982134,-0.34416055353236796,-0.34650515853321023,-0.349754478738302,-0.34816413487905723,-0.3554644860061374,-0.3541274705466669,-0.35055607070605466,-0.3588438616561001,-0.35841026836390316,-0.35930898255914895,-0.3574436608087683,-0.3577555530685646,-0.35653219127086866,-0.3549614336198751,-0.3561653978963298,-0.3479776826792983,-0.33944529567910536,-0.3403147474631068,-0.3344707224337345,-0.3312963845878616,-0.32723405814290746,-0.3176323139509455,-0.3211116932249117,-0.3215430981154228,-0.3233329871262804,-0.3237442720075649,-0.3133103285833134,-0.31347315359951855,-0.3177405094420392
-0.2701280558096535,-0.2721680180976833,-0.2673787574659883,-0.2383075190897978,-0.23887368264338982,-0.22625910525037068,-0.2098217648951239,-0.20756910947327278,-0.20284321783732476,-0.18535238848089983,-0.17321569786178104,-0.16369448400675116,-0.15199224771303665,-0.15434890037335233,-0.1468633462926392,-0.12634649376898516,-0.1263001864050482,-0.1350830869633824,-0.15373240050015438,-0.16151755643000565,-0.1796783501946835,-0.17544725073555845,-0.16704951404890894,-0.16544690140935558,-0.16090036622970286,-0.16087293555811782,-0.16169514930178058,-0.16036861935847335,-0.15561310382064616,-0.16565825730044442,-0.164311709206892
-0.033106656154441014,-0.002923650993599841,-0.012524128342548851,-0.027228624726840886,-0.01278406537353634,-0.021625634661637156,-0.06782862988507653,-0.08498399783692105,-0.03143364299321998,-0.0454859250379317,-0.055905052960318134,-0.06708638550420219,-0.08275569222999277,-0.07720161694839588,-0.07811531430966079,-0.08807263801638941,-0.07693316974576207,-0.06193096207698682,-0.020330930296533847,0.0055128979825868245,-0.01664632239828058,-0.035824292477601,-0.05082536777346846,-0.06297019571195418,-0.06321461436449874,-0.05230769904253267,-0.058872272672551795,-0.06846548966536778,-0.07877690848666033,-0.055682447010215144,-0.00956481532735511
-0.14539799748205862,-0.12385438130958328,-0.11561890895015371,-0.11238248224743519,-0.11617123505380011,-0.10712664361663303,-0.09149456989546242,-0.06953837884196967,-0.06349227484662609,-0.05386325284379652,-0.010715305327813226,0.012195446846150678,0.06389470155797888,0.10672834755439949,0.1368615352531183,0.17755937728194707,0.17577181280075058,0.2552378648454155,0.31523856017183577,0.31954499554589905,0.2986788804237441,0.31026607829750336,0.2895031844335912,0.2682254444700158,0.319791552708016,0.3362318490482733,0.33054009534187345,0.3286447126671884,0.3274852135663699,0.3769258949201309,0.40903559931052824
-0.3424970924708289,-0.33176720564481266,-0.32917902313906733,-0.333015574990959,-0.33631264806701044,-0.3353728461421395,-0.34111993610603014,-0.3409660011724697,-0.33915190599371925,-0.3457556642483427,-0.3445170471133879,-0.34591447145218746,-0.3441794569354795,-0.34467849814274953,-0.3450906140424912,-0.34159773589634124,-0.3444050104487012,-0.33608934487654313,-0.32877808349559595,-0.32997316329846416,-0.32487057900909216,-0.321727685221962,-0.31726585579418665,-0.3073272000964068,-0.3090531589078861,-0.30876371476658676,-0.3107591867625309,-0.3123869078806843,-0.3054132589365797,-0.3052457366878707,-0.3067894676605083
-0.19443237443321257,-0.1760171947655582,-0.17522485692460987,-0.1817209124461176,-0.179920271427772,-0.1752444593572584,-0.16762712845762853,-0.1478261121312602,-0.1291259813624114,-0.15482026672237056,-0.17070249586463135,-0.18047406737651378,-0.18211305619210996,-0.19104521690633827,-0.20254317412790643,-0.20365691587109624,-0.20401103111633875,-0.19769343325925678,-0.19882307449835596,-0.2050753732518879,-0.20517524746303478,-0.19853019978704978,-0.1970292859748542,-0.1865956960181441,-0.18232069307211307,-0.18498305391791048,-0.18833694715196292,-0.17991299827764048,-0.16765589021387728,-0.16807461971056434,-0.159520680363864
1.5856241054966274,1.4259757845797516,1.360011912612854,1.4001987183746405,1.4438159257423397,1.2887750616081193,1.3939703683815186,1.2322902359549188,1.0442575612572358,1.1486646074841496,1.1227219875248757,1.1500505394812108,1.089701148582058,0.9656563801723727,0.9050887101736501,0.9214691369298581,0.8372735232143839,0.7396660303188916,0.5955078981383003,0.5700394070802274,0.5024164689187488,0.5026504872672279,0.5022564610506346,0.4502993383780055,0.48200790527707077,0.4748796042724665,0.4733560744490027,0.46016497782291965,0.40295719406073666,0.39069302509467413,0.39651548464092307
-0.34175492520517164,-0.3285788694042118,-0.32366095664050865,-0.3277103828960079,-0.3323462387737718,-0.33144018271972064,-0.3382219501632772,-0.33793662178485573,-0.3363318473416266,-0.3446066280086277,-0.34511338252788776,-0.3470481169510777,-0.3463867303968295,-0.3480127510723547,-0.34638464047354217,-0.3458731096321684,-0.34723840501971226,-0.3410211854989242,-0.3339776322484813,-0.335766071791303,-0.33001576024456886,-0.32748717118323145,-0.3236899699049554,-0.3141060764986455,-0.31694724005265423,-0.3169447929980964,-0.31809835675946113,-0.3182596154965154,-0.31034133924128576,-0.3108742477216975,-0.3145628248021214
-0.33782447001535454,-0.3251180524097936,-0.32397717067690807,-0.32706542793556614,-0.3305141110501851,-0.3305719464574545,-0.3372640928393827,-0.33760523401998116,-0.3361138077993805,-0.3420270976089796,-0.33864128840706736,-0.34138657144304335,-0.3392527407478399,-0.3402761121501759,-0.33815479839187684,-0.3370193999112292,-0.3344007648206161,-0.32580028748033774,-0.3189204910790748,-0.3219245625663864,-0.31608360406647434,-0.3140363246057562,-0.3089136482445717,-0.30019388794096846,-0.30342315878673354,-0.3046151246500255,-0.30693126508321167,-0.3055269635973854,-0.2943434067349559,-0.298887521959328,-0.3040271294052713
2.8348977834685405,2.9545883367016526,2.789008368369828,2.601246057297074,2.295329525463555,2.1989917366493446,2.0791105562239998,2.1292595347401417,2.1187628750397836,1.8604579390899039,1.800570775338754,1.7691021731256926,1.7307009135333997,1.5754747133071527,1.4255902669544664,1.314627226192644,1.2678924958415179,1.102780183158826,1.1613878274216987,1.020020661255203,0.9441064277445179,0.7881415523757445,0.7978236369267167,0.7739392864153768,0.8521771604486877,0.8251892668866978,0.7989602803628534,0.7793518928436772,0.6941045154216569,0.6151146966017365,0.49349135901932895
-0.20481650373645727,-0.27571757959416543,-0.2892816942734883,-0.30015525930643705,-0.30883887358777373,-0.3077784445756091,-0.3190818800646943,-0.3177309723807339,-0.3037128020044369,-0.3098497912219319,-0.30517345627006115,-0.29987003681069,-0.2834728150350579,-0.27142481032384136,-0.2560067449003692,-0.2474746333750522,-0.2170050069636579,-0.2435570316077245,-0.22666483281359612,-0.20985608075386195,-0.2064125865123236,-0.20885748803054058,-0.21431382120954753,-0.2458766263231591,-0.2595360276936663,-0.25216182365364465,-0.24330367070398062,-0.243858745400343,-0.2475060964636279,-0.24748883302509017,-0.26244072396967455
-0.3421423867186041,-0.32989012249868277,-0.32636838046421063,-0.33027002567599034,-0.3341358943789651,-0.3338118583174281,-0.34128547007635174,-0.3422168338071955,-0.3398991246942573,-0.3460788081517788,-0.34468802284085354,-0.3464837259853599,-0.34484006444722287,-0.3440242318708826,-0.3435418632478146,-0.3418210262882854,-0.34282621288146903,-0.3326789568584168,-0.3252419854907996,-0.327314316965653,-0.3204792950139278,-0.3184743452043779,-0.3145655328056473,-0.3051245967776515,-0.3089955372465498,-0.30990295381879956,-0.31140249997867,-0.3115215297444294,-0.30214747525924285,-0.30292794987415733,-0.3058697177451291
-0.3555706114194867,-0.34484173557371106,-0.34004117150263663,-0.34158190957096896,-0.3465220886146041,-0.3437457830350185,-0.3519908789414917,-0.3491109585279707,-0.3442798389064408,-0.3505369690537778,-0.3489672809900675,-0.35041862667766543,-0.34780569654270643,-0.3478190962283896,-0.34588423131521473,-0.34469418765707094,-0.3453270157783916,-0.338940294669248,-0.3305892128621674,-0.33199147682733415,-0.3248229060088824,-0.32048140728571395,-0.3156124124403339,-0.30437390881297266,-0.3055514906864676,-0.3059175475184414,-0.3070531335443347,-0.30524316288174835,-0.29432315544637805,-0.2972132349247402,-0.296875451088216
-0.2925473424792842,-0.25476148509665786,-0.25552179215605125,-0.26219439776572256,-0.2566271633792148,-0.2624165648531494,-0.292357822014484,-0.2812372364592672,-0.2516655080193057,-0.270873101431964,-0.27929588300905345,-0.2587192891958525,-0.24614088439374773,-0.2096650985620794,-0.19343162156159224,-0.20316982103343734,-0.17612341464240044,-0.2109594167617375,-0.2066400377793988,-0.17541771445580395,-0.1521413757230709,-0.16518367785582017,-0.18217867959092407,-0.23313460499730793,-0.2472489861612659,-0.2419013735198927,-0.22870900578844938,-0.2359662042670363,-0.216936910323436,-0.23738649656880528,-0.2463010857643739
-0.2729077313132044,-0.2774422421601021,-0.29028624212077614,-0.30310315909789887,-0.30554342710930393,-0.3051336588559969,-0.32732609274563684,-0.31712490636041196,-0.2955167364087981,-0.3154606967137698,-0.3166308973124518,-0.299352330095157,-0.2886080118091042,-0.27208108755295,-0.2513538271587537,-0.2511601833834054,-0.23915323286796195,-0.26521097815246697,-0.25385340517370114,-0.3150741934076234,-0.24871062455343884,-0.2719139080430888,-0.3049879956991769,-0.30481364731805966,-0.3128535789636268,-0.2995498150588867,-0.2884881728035994,-0.2890269811514452,-0.2760411684746264,-0.28434602386635394,-0.2903782000063088
-0.33432552008095456,-0.3196252515011098,-0.317045985457788,-0.32007606088982515,-0.3236041139041971,-0.31993870275409114,-0.3247676656340973,-0.3265267266967147,-0.3226459057072684,-0.33145597298711293,-0.3327911911645041,-0.33434320432038683,-0.33476155895244913,-0.3366320473822691,-0.3371435730088888,-0.3367261461561576,-0.33917812815214415,-0.33041982203613623,-0.32453299315166767,-0.3253095677279187,-0.31741384191371436,-0.3126022527368275,-0.30671045623327836,-0.2961906695410704,-0.2979705465453531,-0.2984612166595377,-0.30080479316352937,-0.30168614929056314,-0.297871747681446,-0.29969629535045855,-0.30382826674912516
-0.3331661631860755,-0.32186631540684457,-0.32230804421767145,-0.3304194890398928,-0.33135923223411706,-0.3252039244677457,-0.3323727093689037,-0.3374576385726007,-0.3317922533229619,-0.33389126894487575,-0.32809790926250715,-0.3255542533965137,-0.32228391811001367,-0.3178028523527303,-0.315614679380109,-0.31333622955213275,-0.3069874662775167,-0.3074363183262641,-0.2997019256894945,-0.2953198013436087,-0.2887882780265565,-0.2835389044195496,-0.28307752135412684,-0.2798715835356999,-0.2809285335958065,-0.27718705067769883,-0.2762527956500174,-0.27336044865992076,-0.2611122829397337,-0.26039448863161613,-0.2601331080110379
-0.2312864896559599,-0.21958234368862867,-0.2169078090827029,-0.21663036466317728,-0.22143877249910615,-0.22582485127699123,-0.21010579579926458,-0.20128521202821203,-0.2039080128387501,-0.20350843501184543,-0.2067963726500041,-0.1992174771642216,-0.1907947434516836,-0.19152615094226597,-0.1800345351436163,-0.17196346265396328,-0.1823287303041758,-0.17205309512251812,-0.1812571179188624,-0.18757058582377148,-0.1914054885758327,-0.17664878932865663,-0.16323075461552355,-0.15743189605221836,-0.14953025224103494,-0.15597574815320334,-0.15469879884417317,-0.14931181991111137,-0.12483196455236907,-0.13043095405100447,-0.15408696930383461
-0.3417026364271087,-0.330133175759271,-0.32948776329901747,-0.3359854589513147,-0.33771819002378056,-0.33590939676063675,-0.34146235688540305,-0.34247731839761847,-0.3390201235340138,-0.3450715360937731,-0.34364783817368244,-0.34379776000154555,-0.34038324556737704,-0.3383299080866857,-0.33701287235752475,-0.3315272956798786,-0.331860700294182,-0.3256044335333718,-0.3189090330162345,-0.3179594036402185,-0.311832738011606,-0.30856416117478447,-0.30406465691925005,-0.29690278415702076,-0.29900617126195056,-0.29887452496422723,-0.29971555882602285,-0.3003059624518239,-0.2879847583257708,-0.28917106175803803,-0.2914067523399311
-0.297289556060651,-0.2911329383938953,-0.29227181733312935,-0.2946733401242253,-0.29726273817108295,-0.29889256225037913,-0.30150138337125687,-0.2996361089372529,-0.3034505948770346,-0.30499043993041164,-0.30214211269537555,-0.3023742541477219,-0.3031651513145388,-0.30363245110650816,-0.3025729185988833,-0.29893016638033937,-0.2967867040808709,-0.29272487172705436,-0.28867369150230104,-0.2902209034603488,-0.28773590201588184,-0.28569883011829494,-0.2819909579439687,-0.27334846615930575,-0.27332428710194856,-0.2725460952779709,-0.2730209206297574,-0.27136184367665916,-0.2665994581734192,-0.2669637755075973,-0.2631799680875816
-0.3519230404083012,-0.3400307821913712,-0.33808377565809233,-0.34169721400853925,-0.34624251242631293,-0.34446033812686433,-0.35319449485610893,-0.3535601034197521,-0.3499012709216067,-0.3573507649661761,-0.3561172019285716,-0.35690078391323726,-0.354703518445704,-0.3550775281504404,-0.3544194534866192,-0.3523719717572063,-0.353294446124019,-0.34582856302494625,-0.3378280155895655,-0.33820475087046925,-0.33250533121032944,-0.3292780183756537,-0.3255144402257365,-0.31659755384391264,-0.319661297907967,-0.319640992545624,-0.32127951762080387,-0.32117857455619325,-0.3104796827044558,-0.31071028137063667,-0.31349607661452544
-0.3557803983383242,-0.3435817295274067,-0.3401463062130164,-0.3431962184751639,-0.34680947353322017,-0.3463108003584855,-0.35343685502652705,-0.35261768567840923,-0.34873149655918273,-0.35558526941815727,-0.354710246731703,-0.3576548449431691,-0.3558548697268625,-0.35537901845596376,-0.3538858335194114,-0.35160485436748434,-0.35237065210242624,-0.3459305649437298,-0.337403823839529,-0.3383727019614689,-0.33277359072135543,-0.3294913863817481,-0.32475038870302125,-0.3155612448711952,-0.31845631958947845,-0.3183495330452636,-0.32020178243673836,-0.32074750866867907,-0.3112380835431357,-0.3116104521761618,-0.3146916146603716
0.1069177423913055,0.15405719028374415,0.15585303334275494,0.17647584354866985,0.26513808509247994,0.3153106365036859,0.3845634070218877,0.4517175004226503,0.5021919891949406,0.5032790369259184,0.46839314805309384,0.36915834595464486,0.31604130153362714,0.30775120288385577,0.30163038584125285,0.2550231731109209,0.21009292731401494,0.19033210678511167,0.20818495900937803,0.19972445656835244,0.21248798255261483,0.21046638291497047,0.22462051293900046,0.2510027176359951,0.2610502916595765,0.2542278636736075,0.2589875341664047,0.28339407501984887,0.23875777786923294,0.2190891284869692,0.2683448791644343
-0.3497048886604132,-0.3384278345506554,-0.33597997819214376,-0.33914402381702846,-0.3459476373724384,-0.34504835756208985,-0.3525559679574397,-0.35204124593991876,-0.3470296590755644,-0.3556271659204054,-0.3552367671025148,-0.3556186366669988,-0.35331827631493273,-0.35319467670590415,-0.35181858303303465,-0.34884355966812985,-0.34994777944237404,-0.34344272192395325,-0.3346765068437775,-0.3349393597238893,-0.3300830137328089,-0.32703308030061295,-0.3222740378172724,-0.3131748949695925,-0.31558839502913033,-0.31548379525289527,-0.31616058359429206,-0.3159772941065948,-0.305438313262491,-0.30564904821455213,-0.30941174560275087
-0.35710693309703156,-0.34444102197459214,-0.3422169783080796,-0.3445038312085225,-0.34889626668064433,-0.34667261803960747,-0.35449425132523554,-0.3540094189384407,-0.3500209681472824,-0.35787041406825365,-0.3568949374734148,-0.3578089648585452,-0.3551017239325744,-0.35521062590305036,-0.35321379101754424,-0.3512773815410443,-0.35224900266647463,-0.34516714150136096,-0.3353535343403265,-0.3341624374983277,-0.32875973893809163,-0.32676218121772227,-0.32098864761519225,-0.31285179634898214,-0.31517706107452625,-0.3147453877020138,-0.3161513389669425,-0.3153031668344289,-0.30475257675711453,-0.3058574975905177,-0.30791919817003616
-0.3441967336602065,-0.3326421876710478,-0.33083264378535227,-0.333758967291642,-0.3354281167924818,-0.33600770780482514,-0.3418807107821313,-0.34175299603217607,-0.3393939911045335,-0.3452786535506765,-0.34607222448986574,-0.3478499330877111,-0.34742868644666475,-0.34840736164046066,-0.34806782607516884,-0.3469956293045835,-0.3484354172597881,-0.34063789393871535,-0.33225853003894223,-0.33331923412424264,-0.3274559583598677,-0.32462279403662225,-0.32035575150464957,-0.3113705566286025,-0.3144383406031415,-0.314995828987219,-0.31721387780292765,-0.3178380723686391,-0.3088478674145365,-0.30981127676014814,-0.3122040149252412
0.018807447431287393,0.08298391429426819,0.1257933701033602,0.15540833804237372,0.18137372100214558,0.15973012908022083,0.12115236212863618,0.16821330033888657,0.18132172234411018,0.15513405895572172,0.15950100115476654,0.12325796843618533,0.12161478219055692,0.11023896080387237,0.09364153748599449,0.0771135955343066,0.06633938624191268,0.05870298242581527,0.04648991790353438,0.0335078126510431,0.016788246673963864,-0.00013125905459619822,0.0002528251197669924,-0.024676262525711562,-0.029153048014559823,-0.02781739509766718,-0.025912377796031796,-0.030975774216369285,-0.04761556245283827,-0.05287746897379102,-0.03167906355497441
-0.34788139083247754,-0.3357903886775596,-0.33367784196544603,-0.3373301634408706,-0.34120200157640435,-0.3403886166240974,-0.3483942706718361,-0.348144465884833,-0.34534309613396114,-0.35372564717434024,-0.3529077327515839,-0.35244674569772055,-0.350360519741662,-0.35101913368847687,-0.34925067388325176,-0.34730445562382317,-0.34932931169862746,-0.34006993230490873,-0.33157004988072675,-0.33381866818743383,-0.32894638624075606,-0.3272757687539924,-0.32301890305810016,-0.314439522829931,-0.31800761658595944,-0.31800034309365616,-0.319507442725509,-0.3200598255364549,-0.3100359955718045,-0.3109465279166578,-0.31459903022465624
-0.3569574158791856,-0.3454445843181915,-0.34334129642050953,-0.34603592054183274,-0.34953159797926636,-0.3483769433057402,-0.35546107410980116,-0.3551535903785344,-0.35141131380225404,-0.3594252905531603,-0.3586881753371292,-0.35939019375690473,-0.35735558295352643,-0.35767847038592787,-0.3566049188766553,-0.35502545221301296,-0.35608290921435864,-0.34782906964227434,-0.339000560078046,-0.3402708747441826,-0.33419572819086935,-0.3310661312776515,-0.3271417563775522,-0.3181485761142381,-0.32164632993006714,-0.3217733125867599,-0.3236405565740985,-0.3238803566171517,-0.31279945871784687,-0.3134285317306091,-0.3177995482744152
-0.26369035234790056,-0.3026849084288337,-0.312633884749124,-0.2838501416623595,-0.2837851400145639,-0.2648149199383451,-0.3007954146623777,-0.28763406128211305,-0.23399220047814995,-0.2556890186882793,-0.25514165787270854,-0.2460553487384349,-0.2672966577177992,-0.2523973496960829,-0.18398331013610691,-0.2318810373239749,-0.19689614738621303,-0.22869815713019773,-0.1765239999878476,-0.14840978073832198,-0.12906045845661074,-0.205450201781219,-0.18954471687912633,-0.24586778955836677,-0.26892074153274337,-0.258188243688149,-0.24588644101586943,-0.2422723436096908,-0.2695322575056993,-0.26666730761571716,-0.27965439225859184
-0.35771364185072163,-0.34523402365683203,-0.3415472918159181,-0.3440352190907471,-0.3474662353574365,-0.3454127486906935,-0.35244112856590243,-0.35198913411827465,-0.3480568615021271,-0.35597763121317527,-0.355580593535721,-0.3567119679650201,-0.3546824609732059,-0.35504178514888773,-0.3530026342497308,-0.3514255897390542,-0.3524495262982427,-0.34402722559249427,-0.3350241457397212,-0.3357461682136988,-0.3292649645411099,-0.32666313944772785,-0.32236452808829474,-0.3128811307114102,-0.3159413486370213,-0.31619434399622875,-0.31878000202225737,-0.3186696822078816,-0.3077894459023832,-0.30826315314884933,-0.3116703191430271
0.0434636340465988,0.013166426465617664,-0.013824500987719398,-0.012230086377632537,0.020473869299389297,0.0029354312634710515,-0.032690074825507016,-0.01599902671263928,0.018892217240731233,0.03391745346335404,0.017038509887499758,0.012869382388992524,0.005119057756589225,0.030846957916332796,0.024290870275991267,0.008471050336311904,0.03903831547279699,-0.00863527035612744,-0.038540124598318376,-0.03327635132003382,-0.03652083179797809,-0.047592060741130385,-0.06601223478817918,-0.10874032960452273,-0.1284315944181139,-0.1282770974924993,-0.1207607298443226,-0.14053494573644754,-0.16246321734540126,-0.10608622277706824,-0.010121906907215457
-0.3557441637128302,-0.34265460882058996,-0.3396689825541493,-0.3414251740510311,-0.3457009766916374,-0.3429948873335148,-0.35122555886804535,-0.35062003653384033,-0.3468573360945136,-0.3542561091091437,-0.35515878211209684,-0.357156527024234,-0.35509318654424066,-0.3560725495824267,-0.35522751254158413,-0.3538043816443553,-0.3548990616765688,-0.3467335001053815,-0.33854096129208516,-0.3397638706454895,-0.33365573565522966,-0.3306246943924827,-0.32638958256383965,-0.3165864991645797,-0.32056495530892587,-0.32074502012782447,-0.3223349967826115,-0.3224160103500825,-0.3116923902555908,-0.31306468995377157,-0.3165004474134246
-0.2507674366040712,-0.23126429610802596,-0.2243985487293354,-0.23472551073574888,-0.23689906356189708,-0.24781985828463857,-0.2621357903658704,-0.25744188899009646,-0.26350571807172096,-0.2648949269029668,-0.2561174462808897,-0.2529836484025047,-0.2566085412540542,-0.2654468659513157,-0.27647403249891483,-0.2718423729153051,-0.27897572729359793,-0.2731251331040849,-0.26364767014879664,-0.2665874267645276,-0.2643284501468978,-0.25844462556502257,-0.25498467119693985,-0.24982451812506065,-0.24986801495662292,-0.24826195935725748,-0.25354164874396273,-0.2537276514399613,-0.2552360786018655,-0.25720332986533506,-0.26988215515337893
-0.31336454956216003,-0.30424060599226715,-0.3057458554652931,-0.3113910836035569,-0.30773677614470507,-0.30676790284764605,-0.323706222003305,-0.3150719283977963,-0.29697527944222596,-0.3028298563091923,-0.304203683561884,-0.31056673464799867,-0.31197437936744027,-0.30259815994819744,-0.30154325811062493,-0.3009263952738926,-0.28478865548907134,-0.28551543230633425,-0.27405138077713087,-0.26898164422489534,-0.2587018092402485,-0.2524761139484743,-0.25416439960689985,-0.2649336646317362,-0.2780784204268013,-0.27478200537327246,-0.26906998888218336,-0.27181901464249253,-0.26871938998272865,-0.2677029561298985,-0.279837333292135
-0.28912414677930376,-0.27961084512085693,-0.2852159662910057,-0.2869349015818334,-0.2898852284752887,-0.29520557516647156,-0.29881923469531646,-0.30403088827503416,-0.3056789464283525,-0.3076662285970947,-0.3078821112517977,-0.30402662039914585,-0.3078727457367291,-0.30970717251311464,-0.3102052353816042,-0.31410301570449284,-0.31896041416774007,-0.3041610894341694,-0.29934303549461777,-0.29812703462223883,-0.2969521369485139,-0.2915821783778184,-0.28989583429493004,-0.27959985657638203,-0.28340661077494944,-0.2868033137393827,-0.28826385833127544,-0.28844455078313436,-0.27872186757826656,-0.2827894164535137,-0.28137682494792493
-0.3153179790820302,-0.30221859918577637,-0.3012791359574409,-0.3094499481419814,-0.3110466497125809,-0.3051521749067987,-0.31269503614514904,-0.3191923056247708,-0.3166634327767924,-0.3219384182323148,-0.32462289698231817,-0.3306510170462918,-0.33017659362089496,-0.32889355142221616,-0.32851612691526705,-0.32448625683084814,-0.3215751038378103,-0.3083915053600446,-0.3051588251812214,-0.30211493012436064,-0.2932933473048641,-0.2929258377359658,-0.2929100939930992,-0.28368956703116255,-0.28793579743605163,-0.28930029236214294,-0.2948503618907876,-0.2946040272460838,-0.2822950940589847,-0.28931489410315253,-0.2950420770443588
-0.32236783779004846,-0.31274687444096233,-0.30449157960415335,-0.3075345073912029,-0.309192192426695,-0.3040707074059998,-0.3139893662171776,-0.31464866496340654,-0.31168592739812023,-0.3175564004943906,-0.3152345263660825,-0.3153325729169175,-0.3080460296081099,-0.30031212726438444,-0.29122113228572516,-0.28862865071207006,-0.2916652927417873,-0.2795999347731387,-0.26942764907341354,-0.26475332831453907,-0.2614542589576676,-0.26539554250082414,-0.2694443255197408,-0.26306603392891564,-0.2600410950497639,-0.25465257238936656,-0.25718822552713366,-0.25784251161257354,-0.255684482241806,-0.24763522698708257,-0.25098353221581693
-0.2544407260182226,-0.2351696540124758,-0.22021978364145772,-0.21557601673803015,-0.19386528814783371,-0.16964496763780978,-0.196166121870698,-0.17700129949020335,-0.18051227879834533,-0.19740232827681928,-0.19976084394360769,-0.2098669938591679,-0.22641534407182215,-0.23112347123588275,-0.22788369784383608,-0.2314540868247469,-0.24595435809132,-0.23264059480642274,-0.22142056397574308,-0.24141390950527153,-0.23446119017333,-0.23211837317014689,-0.22189101677785436,-0.20240532810133421,-0.19914528232141038,-0.19516292539059188,-0.19785444055171172,-0.19346900236308254,-0.19746954924933557,-0.21138999071342995,-0.20918375046885368
-0.07361134227722566,-0.07050918024492216,-0.10400586629049258,-0.15113913463385145,-0.14762286577973258,-0.1468836211676798,-0.09778676696517365,-0.1328752896551889,-0.13031483052379222,-0.09952784303756376,-0.08825319339844567,-0.06259018337588701,-0.06741436995748554,-0.052346413710475985,-0.03553699033992451,-0.007831429911753725,0.014848723563676952,0.010990759985563186,-0.00768137925075996,-0.012014561363398317,-0.02580183434219498,-0.010135611400072488,0.0017609347654200167,-0.0005330672067361569,0.02221875932203436,0.03800239152078243,0.05276940276080267,0.06632183977960873,0.09353290159271109,0.08669017761141934,0.08783864591123597
-0.1384022444352191,-0.16504781967994095,-0.16743798121363526,-0.15731006163297426,-0.1637643480047846,-0.17643966636611,-0.1634216238343839,-0.1722907808119059,-0.1938908829493581,-0.19294500914738355,-0.18659801766159045,-0.17535149224331434,-0.18412677289028975,-0.20464207427451414,-0.20133792707385886,-0.19826126968869473,-0.2057566601675468,-0.20255867555056764,-0.21600239709445884,-0.2173236656042197,-0.2206627192090616,-0.21117328831242305,-0.20724559931061096,-0.20578439248653524,-0.2020449875033795,-0.19847440374616263,-0.19726832519414342,-0.19660813045636757,-0.20559351270696036,-0.20704406470797992,-0.19832024425983408
-0.3302426942767867,-0.31268877623262115,-0.3111938059790316,-0.3142858903003283,-0.32186152231698195,-0.3236773665330871,-0.328577758316313,-0.33622787021177647,-0.33469538782391056,-0.3436849722632002,-0.34400793329920637,-0.34633554357308316,-0.3444586462254343,-0.3446956833792327,-0.34284635762117244,-0.34025852430012743,-0.3385641551228496,-0.3314269715026826,-0.3212288284393443,-0.3221734701350205,-0.31842866967341904,-0.3130340925622815,-0.31050680341535336,-0.3023444280470904,-0.3038859750482708,-0.30402691259056647,-0.30743164085610725,-0.308782964645514,-0.299468816819297,-0.3005209812476766,-0.30536126575211614
-0.3014453726599058,-0.29861423619692556,-0.2920336347993948,-0.29018557379406457,-0.29525507342763957,-0.2952564535393823,-0.30257696726832256,-0.3044844107248123,-0.31470070303022774,-0.3160848561269517,-0.30762508952277245,-0.30370252810230597,-0.2946749112015042,-0.2894860434444995,-0.28340218249354754,-0.26554651389886613,-0.2543195641298271,-0.2500502617431802,-0.2470354744716641,-0.24176607292461993,-0.24564799421022787,-0.2293009339790579,-0.21995748276924434,-0.21627242145936648,-0.20850085799536078,-0.2059040719418135,-0.20237995539243286,-0.20094150036224295,-0.19551353687502512,-0.19655894326504192,-0.19635197080525876
2.058807135069628,1.0093140017155648,0.4326873631862762,0.3507733369271191,0.2377870146263875,0.19712804563654104,0.12726315017650894,0.1061658279234552,0.19111709545340397,0.20895750794983903,0.2186443942389402,0.26238774813818866,0.3203220106132289,0.42014518130093276,0.46846041921030535,0.4708716524167966,0.6026409702815522,0.40527288500475395,0.43794148814370115,0.506829696487264,0.5051494948576374,0.47428713598320743,0.4083580537602132,0.2323400907870479,0.15951671701248177,0.22028453977302936,0.29608487231731956,0.2695031419148759,0.17501524124679746,0.24560792842606158,0.28601676256391384
0.09177733107431292,0.024874350862451447,-0.019162078924107144,-0.025202302765062263,0.014825560541624342,0.005057282312509607,-0.10830669039357319,-0.05030244397069035,0.038164405055818564,0.006695831511244634,0.009217672723364783,0.04557044548968967,0.08150747880677701,0.1836940499526351,0.20007575522919996,0.16962522964217985,0.23848377419121478,0.09665633770481066,0.11669721375543887,0.21428028046684788,0.22931242620621364,0.19502207472698063,0.13910702448666343,-0.012362532148497312,-0.029598618254674802,-0.005856819470829919,0.05806357731711121,0.027727701583868218,-0.07967452910443802,-0.02251096888212192,0.10472092983046143
-0.3505005256746786,-0.34000858510488957,-0.3375697485715135,-0.3401721035404132,-0.34480900699402844,-0.3440189493159051,-0.35064802952231705,-0.3500577619493225,-0.3478609706534948,-0.3552806734116357,-0.35372548204963516,-0.3546750681430883,-0.3527170625947814,-0.35318873451317906,-0.3526625072611092,-0.3505349410508115,-0.35136989597024076,-0.3433387263734246,-0.3355891803918608,-0.3366411588396366,-0.3307240834466581,-0.3276686647990495,-0.323733109122658,-0.31440920839501846,-0.3174932482075051,-0.3176438908758149,-0.3190256079752743,-0.31847518037992995,-0.3080912087746258,-0.3080733091904321,-0.31244625412255533
-0.3591064305167754,-0.34671680539883515,-0.3437297164208293,-0.3467799746821493,-0.350325056300722,-0.34876723389731834,-0.3565147249682379,-0.3559368398993159,-0.35239875305866936,-0.360723889626421,-0.35991154462441394,-0.3608646146290382,-0.35875766908866336,-0.35907211790940025,-0.3578246897556828,-0.35613436823208716,-0.3573615229085988,-0.34974525149575,-0.340670712705385,-0.34146579723975157,-0.3355074584217038,-0.3326276498308128,-0.32868365695720775,-0.3193548760565213,-0.3226927986039798,-0.32295657820866036,-0.32465804792114,-0.324973658079257,-0.3140643895719214,-0.3145719616324606,-0.3187511238647438
-0.35851024219983063,-0.34663966886847514,-0.3432388802982192,-0.3470787963552779,-0.350707101494952,-0.3494579980242421,-0.35703564384287606,-0.356403897875843,-0.3523914387048605,-0.36065493903093904,-0.3597563044224173,-0.3604492530307926,-0.3583496609815945,-0.35866886393962627,-0.35745114723388444,-0.3558952713964703,-0.3572339177662684,-0.34953202936826644,-0.3404656102944579,-0.3415470219482183,-0.33457353032477444,-0.3315126688035333,-0.3273922205160963,-0.3189459394425513,-0.3221604844942043,-0.3224525194953261,-0.3246178102332219,-0.324784686450675,-0.3138280496618019,-0.3142600671049739,-0.3185069674443287
-0.3524127325790861,-0.33759562571926843,-0.33429625443006056,-0.3364546906523217,-0.339958998158408,-0.3355365301588467,-0.34229173901973,-0.3418539779759587,-0.3379079425814225,-0.3456057123941965,-0.34489024444933214,-0.34712814282958115,-0.3472699065400148,-0.34874439631996434,-0.34796283551326784,-0.34742596509160384,-0.3489753754929893,-0.3409399769501522,-0.3325288214633582,-0.3335590728420541,-0.327691889276462,-0.32452158367507705,-0.3206070042898185,-0.31034358039766735,-0.3134265559488742,-0.31413799164931977,-0.31631702806344064,-0.31574841612564125,-0.30681778547317773,-0.30649058333618945,-0.3094392844955541
-0.2980341907026791,-0.29136214442524444,-0.28798789385393536,-0.28953065913051795,-0.29439598880725976,-0.296108269920745,-0.29729246587077013,-0.30212531871979514,-0.3045756041999973,-0.30664567519813596,-0.30177899306026973,-0.2991053334665571,-0.2958579939010825,-0.29673449069563856,-0.29482892635646046,-0.28771923615102624,-0.2895368474790059,-0.2862152328249835,-0.2870313888177858,-0.28865214566831365,-0.28826344410359617,-0.28444807728171356,-0.27911524218174005,-0.2731546539472282,-0.2726707233422242,-0.27024394156563564,-0.26953594942492726,-0.2694796076407745,-0.2609687479862732,-0.26227591800459954,-0.26534895477051196
0.2620550532550399,0.1807036709948521,0.20064730336188022,0.25055506711351216,0.25497548958862293,0.22331745409382214,0.26358357232890395,0.24433171433094425,0.18763956018151876,0.1632070303498276,0.1635277426266169,0.19302006166857893,0.19003090895786842,0.15230136973860414,0.13919116339942214,0.13705574879828283,0.11153702106939792,0.06930875587537556,0.04620269814558857,0.04220475428035792,0.015962141004848118,0.006786339433845366,0.003322310407648973,-0.008047082918577347,-0.0013870601675364086,-0.010334231217934127,-0.01643503099852617,-0.010125781447587943,-0.006408882642830547,-0.014122028032650263,-0.023895815206056523
-0.35410837170866216,-0.34181491451215945,-0.3387373788127015,-0.34190433964653527,-0.34616504410636567,-0.3443160119789551,-0.3515065510162156,-0.3514075044151747,-0.3470501737619198,-0.35533568719020747,-0.3547429086485628,-0.3536740523233004,-0.3525270054416295,-0.3542782864522356,-0.3536880587172786,-0.35213385196543345,-0.35463775154673177,-0.3463376939168389,-0.33761514729009406,-0.3397715950320339,-0.33380593925382046,-0.33089227925378034,-0.3268675583417177,-0.31762656740028655,-0.32104001360185985,-0.32120523452804617,-0.3231888804610199,-0.323167320426556,-0.31231759040132867,-0.3128127498248393,-0.31726451359600377
-0.35989801918488906,-0.3477266348925527,-0.3447718540413441,-0.3477187171740559,-0.35081157868351875,-0.3494228578110449,-0.35684298090131616,-0.3560787503717673,-0.35062793056418856,-0.35833274023827183,-0.35755813966208627,-0.35854058717226517,-0.3569725941098261,-0.3573238412139482,-0.3560138303873123,-0.35463145489381076,-0.35608388633644694,-0.3482812905719541,-0.3396542982595849,-0.3407206014354356,-0.3347553854729139,-0.33172310615116374,-0.32761625041618236,-0.31827748639206116,-0.3215412383855409,-0.32165889551688953,-0.32359521859030915,-0.32380168424593847,-0.3134337438919974,-0.313529532547338,-0.31744894548960895
-0.35647642966144394,-0.3457079593851613,-0.34301860197088246,-0.3454931441802197,-0.3488404399584426,-0.3476979301894697,-0.3548767953964172,-0.354420261100432,-0.35093817696609747,-0.35892250014677085,-0.35780750018576524,-0.35838909210094205,-0.3566336539764281,-0.35715797974552044,-0.35617896948748096,-0.354683816114076,-0.3557533383132035,-0.3476074379973218,-0.33895336922120484,-0.33975545832333803,-0.3338655336089756,-0.33069472131101835,-0.32702965879306956,-0.3179834818208393,-0.32112544657689046,-0.3216022292904598,-0.3233770322597616,-0.32360996434264866,-0.3123654828303525,-0.31301717223798986,-0.3172024345782902
-0.012824325131033877,0.039372584224639844,0.05271693224717276,0.07604447387765194,0.06051219606802972,0.045786905476625554,0.019887696656282247,0.03407875507862222,0.036707467534139886,0.022357516275370203,0.027332067969004187,0.023905897675457404,0.021856283568985373,0.015882892771706895,0.018812723635829334,0.02562642429627395,0.026513540948079315,0.051255946622923855,0.05540923463221369,0.04641183629991077,0.05186508214153023,0.05147063696429264,0.03874270535906393,0.06303368134100028,0.08217402467591331,0.0792763304480988,0.07469240357888082,0.07459767326381997,0.016515637140936536,-0.012349802059158095,-0.006900999592586623
-0.3600485286660628,-0.34793927783519163,-0.3449087791810243,-0.3478414976880314,-0.3513973633150931,-0.3498261837563602,-0.35736252511736094,-0.3567419636465537,-0.3528007350575831,-0.3609666721170121,-0.3601074479698283,-0.3610811650806447,-0.35899585139142465,-0.35937422579861616,-0.3581329427553726,-0.35652915895746506,-0.3577580467236458,-0.35017063053133063,-0.3411426427363531,-0.3421555096207526,-0.33623141627631203,-0.33330780127574117,-0.3293322516099692,-0.3199943605005395,-0.3233667311951312,-0.3236078095099967,-0.325359384516173,-0.32556526772805444,-0.31448760871385406,-0.31493441536773903,-0.31906937927600454
-0.30865586091234415,-0.2999124449847725,-0.2953261677025049,-0.29921425641895083,-0.3040538817791641,-0.3057290607879662,-0.30944379620030166,-0.3092543496402919,-0.3123768293405497,-0.3134736028459881,-0.3153508769350613,-0.31667989021005893,-0.31519159179161604,-0.3174751020281778,-0.31906318823225016,-0.31465161852720064,-0.3117456529429351,-0.3069732945204488,-0.3024663418538383,-0.3094700929333477,-0.30558252833423416,-0.3036394443901742,-0.3011516727358701,-0.2952846761777937,-0.29864328629129305,-0.30044260616515567,-0.30183896347527617,-0.30189687081582417,-0.2938732283150043,-0.2949164766764949,-0.2975976509389122
-0.355493902847268,-0.3419113367674612,-0.33855241954185006,-0.340423308977817,-0.34418058751403185,-0.3432616048156815,-0.3505273752821788,-0.34984465217904204,-0.3460655227929884,-0.35161839484713736,-0.3506580052481627,-0.35179925798206313,-0.3502118589868493,-0.35045151147835407,-0.3497355229086514,-0.3474633062698065,-0.3478065247727819,-0.3385612830482182,-0.33024455860555796,-0.33116381174773135,-0.3237826017877561,-0.3215928456721548,-0.3174997796457191,-0.3086595401236738,-0.31159241958377704,-0.3126898338842563,-0.3152539038138158,-0.31360426074357867,-0.30315219892107564,-0.3048095118644571,-0.3079577820154277
-0.3582106459508523,-0.34630682012558794,-0.3426738453950984,-0.3439609411137225,-0.34748264747603796,-0.34549449891846645,-0.353939797124058,-0.35289077171556793,-0.34980330111051094,-0.35769565338598514,-0.35696920357202383,-0.35814961636031356,-0.3557793565196215,-0.355711930622614,-0.3544648219304852,-0.35240439917804406,-0.35138334798399296,-0.339919465223351,-0.33477378946854763,-0.3369547076354349,-0.33035447220906233,-0.32692351240441014,-0.32298847154118565,-0.31421189296608115,-0.31818977816041105,-0.3169580155459212,-0.3194364873424191,-0.31822705749938696,-0.3071675592158591,-0.30846800065768104,-0.31390667903030145
-0.21078748993380278,-0.2094250125525031,-0.2132470634533641,-0.21114846670445445,-0.2342568056390647,-0.2388310771374897,-0.2570297652824403,-0.26415382322720216,-0.26012570690847925,-0.26075083334213456,-0.25542734352610036,-0.24889711302984954,-0.22735141225363034,-0.2360393487259447,-0.23851979642892696,-0.22698494216212076,-0.20754928235503822,-0.23484765354901743,-0.22649246947358304,-0.21849779098372477,-0.2138197698053034,-0.2220295609701622,-0.24369850264970858,-0.2525128662039418,-0.2561583430497678,-0.2522914535122797,-0.25337382690613675,-0.2472576831111085,-0.23649193383354822,-0.23201592770350438,-0.2646143632355848
-0.33811542795212096,-0.32473159015626946,-0.3206483003768939,-0.3259413430827994,-0.32836606215180647,-0.327204768514079,-0.3336876035145239,-0.3371063714552681,-0.33481998748943176,-0.3433873923437033,-0.34691340080992505,-0.34765788737167197,-0.3444660047161094,-0.344206814938163,-0.34343000728380596,-0.34199415665200816,-0.34049854475065033,-0.33065945652050094,-0.32189562527889237,-0.3225785699190658,-0.31643799328406746,-0.3139053310581847,-0.31029797031094414,-0.3017975841641231,-0.30084875488874085,-0.30141501163556267,-0.3044418183302253,-0.30436941367743,-0.297232852938093,-0.2958838285109473,-0.2977826180441686
-0.23039354820343416,-0.2202569636110009,-0.22139883139781696,-0.22559926758997795,-0.20780153632119935,-0.21283053795495482,-0.24806372394019782,-0.23414338501904056,-0.18727184506727076,-0.22026040387352205,-0.22572940396934832,-0.24486605988615703,-0.22317785928356576,-0.1922232359810917,-0.19234964756031125,-0.20524182187289677,-0.17798493606847468,-0.2184428625491857,-0.1450306459515798,-0.20207356209827473,-0.1950277554187043,-0.20817841649883384,-0.22301553388589854,-0.1984192742722107,-0.19736831667092658,-0.20956325579819443,-0.22049798116014285,-0.21912599268166,-0.2038551710737989,-0.22699279041955767,-0.2365453535476784
-0.3314105553660871,-0.317245822944797,-0.30585750152004526,-0.3070110488383456,-0.29349766557554713,-0.2868457479315146,-0.28763848222312893,-0.27852587708857424,-0.2730224934189444,-0.27039030188979907,-0.2689257658062196,-0.26909111210710734,-0.26850914569293544,-0.25308834028501087,-0.2469630238398107,-0.2413820378271686,-0.22907046159415137,-0.2034531411946297,-0.20175128303416578,-0.18605369794124085,-0.16052548694097865,-0.13881765660598464,-0.11470980361143528,-0.07381711033421189,-0.04471832429854982,-0.019038249117149936,-0.006626220248924445,0.026339830465962746,0.06119149336799819,0.03371311369223215,-0.01536403914641844
-0.3595673885727224,-0.34745771315957674,-0.34444293992470626,-0.3474252171388581,-0.3510049242830038,-0.34934220347356465,-0.35694176900452934,-0.356362264097585,-0.35243300371313513,-0.3605924021304249,-0.3597374867372539,-0.36068288690984646,-0.3585906533826011,-0.35899003830601567,-0.35778933689120385,-0.35615287450733407,-0.35735241106782817,-0.3496020716496372,-0.34065137681197627,-0.3417355050769862,-0.33580179057592935,-0.3328985828319256,-0.3289060142055069,-0.3196240650785187,-0.32294177042232797,-0.323187351995704,-0.3250234550011618,-0.3251214199662326,-0.3144324318330944,-0.3149035277385633,-0.31900171932137755
-0.12541410759690103,-0.10877575120498024,-0.1322907984976753,-0.14047249811276497,-0.14652231075752575,-0.15006386727998497,-0.16013127013515305,-0.17237302433627572,-0.1768599300258725,-0.18120367042688354,-0.1856109905136399,-0.1675411467133901,-0.1646900371436631,-0.16189216876973128,-0.1619011664204384,-0.16004931717667978,-0.1695159870163989,-0.16804777189496867,-0.15302095092309329,-0.15451746493056018,-0.1693858715381552,-0.17833805206303754,-0.1833354700413661,-0.1844672242124509,-0.19018802072407628,-0.18560645850922822,-0.18981185513734547,-0.19457468095784977,-0.19488373519023397,-0.18155843168214975,-0.18907844181713712
-0.34995987689929,-0.3381296225297952,-0.3366014487634282,-0.34049957764085315,-0.34574290885657255,-0.3436348847009944,-0.3525860732303969,-0.35224858855730073,-0.3488441146769746,-0.3559046949551377,-0.35485091169781124,-0.3560666200519349,-0.35217687088303296,-0.35211639168607817,-0.34794422290084703,-0.346639737190426,-0.34829212227356493,-0.3403474338096559,-0.32809984699276185,-0.3282104167616778,-0.32186831234570346,-0.31795966148329907,-0.3155062244298966,-0.3089583402815892,-0.3126672185987741,-0.31175045178843874,-0.3133230866246657,-0.3157227672988785,-0.3037276300365729,-0.30321944386016747,-0.308176894280731
