1992,1993,1994,1995,1996,1997,1998,1999,2000,2001,2002,2003,2004,2005,2006,2007,2008,2009,2010,2011,2012,2013,2014,2015,2016,2017,2018,2019,2020,2021,2022,NaN_count,NaN_count2
-0.23021547694158648,-0.22301561161342554,-0.22270711892709869,-0.22715004391333932,-0.23389516021877882,-0.23367142623465048,-0.2291589710984977,-0.22141583875606613,-0.21698498099040822,-0.2160218981894823,-0.21746207066453477,-0.22662630877480378,-0.23423663989804028,-0.23936856058788641,-0.24563602669986842,-0.2575232443571646,-0.26492499148348936,-0.2536262847536362,-0.25812718659816436,-0.2621559426087461,-0.2561462629851302,-0.2562062931151971,-0.2520514037371343,-0.2365950983905934,-0.2340725537489324,-0.23570001404052707,-0.23242659267658813,-0.22940132806149363,-0.22351796570930707,-0.22351330384011514,-0.2244483944539336,-0.3492664146763955,
-0.23070974851033732,-0.22424476380918892,-0.22489165036300013,-0.22974367783476551,-0.2368300674290247,-0.23548472669510387,-0.23127214015421435,-0.22402700193208808,-0.21965690284117811,-0.21921291142348376,-0.22099017582262132,-0.23105665475806086,-0.23960926680464853,-0.2450607338018098,-0.25158655044726735,-0.2642081989664225,-0.27255774051511217,-0.2608182615723861,-0.2647268506996345,-0.2686715439332567,-0.26199058522375857,-0.26215187797673817,-0.2579471648692859,-0.24147661105891557,-0.23898432575412912,-0.2408596123172405,-0.23801275153075943,-0.2348851298164851,-0.22899449315519807,-0.22940104566167518,-0.2301853875927263,-0.3492664146763955,
0.1360972289410113,0.1260423739324697,0.12922681286327098,0.09422989208151587,0.11047262336471754,0.1399937219458702,0.15343074782962518,0.11397273342598455,0.09905600943960768,0.08644392239516938,-0.10953240211876959,-0.09914787819031667,-0.09897679129920646,-0.0845153732013956,-0.07338305211698241,-0.059598900520227927,-0.032405635526146497,-0.039124379244786914,-0.005597658995825125,0.023013107963925836,0.041923628017017156,0.050571640522777066,0.018441949278874832,0.0698713368622331,0.022664473291427303,0.045242227628619056,-0.022487439529276888,-0.0548539699762812,-0.07503779446712126,-0.05974044516179896,-0.015202761063696151,-0.3492664146763955,
-0.23127155136900468,-0.22384655035483791,-0.2248189148355068,-0.22894477107371883,-0.2357286193996144,-0.23438387635219235,-0.2299294934397743,-0.22287372928905588,-0.21856480380845847,-0.21786836045084504,-0.21943078129604202,-0.22923886190562456,-0.23733072415646686,-0.24192109010421686,-0.24756775526712949,-0.258573390473164,-0.26573328972600074,-0.25588441652845817,-0.25976486742868304,-0.26368332232574937,-0.2570420351369516,-0.25705844407828793,-0.25285546052374647,-0.23700108173626763,-0.23469259134690257,-0.23637964692531466,-0.23353920744652457,-0.23011325039566946,-0.22451828277378383,-0.2250688928515838,-0.22410950034446905,-0.3492664146763955,
0.2256207299950512,0.1856137793251952,0.2100236558528569,0.19614563993368755,0.2481902275985743,0.2537421287768988,0.20780909324100616,0.2152223758743606,0.18171865454880382,0.16536131138785407,0.20277578594127782,0.272266986162521,0.3243682001362506,0.3500843596477469,0.34949401706283306,0.4127205563633711,0.42707246189985987,0.40383649477453526,0.5020209989712331,0.5700510509164064,0.5619254040142981,0.5156180404060957,0.4573242559107173,0.35670002745910934,0.35565057682684786,0.37381889602939117,0.3454706305079464,0.3184825015855657,0.31080224806488904,0.34574381312569913,0.3494841222129365,-0.3492664146763955,
-0.2297125843571016,-0.22321737309696338,-0.2228340978988243,-0.22767327158078537,-0.23392146686953316,-0.23171333752450307,-0.22717499141736636,-0.21994939754546355,-0.21518492825692007,-0.21444373403570988,-0.21558121324579255,-0.22507498888792193,-0.2329528693506831,-0.23514052867013224,-0.2363072849604401,-0.24152261560264784,-0.24098901940951495,-0.23218533685047507,-0.23305971939183903,-0.23274349554475574,-0.22600891521684197,-0.22475613225490737,-0.22158276288796705,-0.21743472410401848,-0.22183764771239065,-0.22308627710543183,-0.2192532997576968,-0.21629275811620557,-0.212584766257471,-0.2108168443695712,-0.20692511422843118,-0.3492664146763955,
-0.22406294537940308,-0.21818926454669166,-0.21899514141383722,-0.22403205710367685,-0.23074979980249816,-0.2289910886076373,-0.22423016576275684,-0.21663280346638206,-0.21236618646252492,-0.21154346209700586,-0.21293663187517253,-0.22358982138060082,-0.2326329986665387,-0.23792385479564865,-0.2446586274128506,-0.25756536442571937,-0.26648655207505145,-0.25499738832244745,-0.2592534362840011,-0.26372321037058954,-0.25698897180127184,-0.2573443732649414,-0.2530687616517353,-0.23636539728711983,-0.234085274885061,-0.2360095454002436,-0.233416362244064,-0.23028363180823067,-0.22568657686020333,-0.22599616236347747,-0.22631367581498044,-0.3492664146763955,
-0.16922322745930646,-0.1669697226698874,-0.16836874866737578,-0.17205923402482465,-0.1741390311465667,-0.17007950767857175,-0.16304284822479542,-0.15908460546254516,-0.1584541042865281,-0.15623222599268222,-0.15687530047948808,-0.16499837928656877,-0.17423558853736035,-0.18148477100404578,-0.18632150128188255,-0.19705810119822514,-0.200682852904761,-0.18000693328685413,-0.1809494127708414,-0.18393216267351575,-0.1786921811773466,-0.17068784541095638,-0.15677558929612126,-0.12864140727015158,-0.11469458539931982,-0.11068408348636057,-0.10619201687834212,-0.09508038155178808,-0.08105875807633015,-0.08436868143979807,-0.07385803530140324,-0.3492664146763955,
-0.22861484168696894,-0.22220060141018724,-0.22295121442614407,-0.2278848130893442,-0.23483648080881478,-0.23337955150907685,-0.22884407199794604,-0.22167235908445143,-0.2174113621965529,-0.2169124846834987,-0.2187019989628776,-0.22886337727234324,-0.23744477992319932,-0.24279568778113209,-0.24923417875648252,-0.2618087828577387,-0.2702933118865836,-0.25866519010982025,-0.26265849101043626,-0.2667214617410726,-0.26019904092011575,-0.2603604650080277,-0.25625353425396463,-0.23983616639182523,-0.2373857029806392,-0.2392963676084564,-0.2365777711624198,-0.23344128732975772,-0.22766576711401532,-0.2282132875425565,-0.22882742457663247,-0.3492664146763955,
-0.21303522941962783,-0.20981218084532824,-0.20627875215801122,-0.2185421048682589,-0.22097745093097015,-0.22007512012052824,-0.21456172524691788,-0.2118775578789397,-0.20964197257703918,-0.2069936158618248,-0.20673599205149526,-0.21469186046785527,-0.21987847672208785,-0.22059143435211442,-0.22308663307813426,-0.23172434541767736,-0.2318258746898559,-0.22781934944367846,-0.23042487018113905,-0.23530408642324294,-0.22811989029368562,-0.22407154194421022,-0.2198645584099742,-0.21477106543054583,-0.2171859522680446,-0.21714149352342307,-0.21393632854515893,-0.20979746670776994,-0.20519099753039938,-0.2060668608405081,-0.20582933387851265,-0.3492664146763955,
-0.2304310023349371,-0.22395805012205622,-0.22466604694721573,-0.22947137440353552,-0.23658186989799454,-0.23526984254674851,-0.23105759351427807,-0.22380361547945254,-0.21936527418603197,-0.21884259882631543,-0.22057187473002418,-0.23064483290220394,-0.23920621259138344,-0.24470522604239706,-0.25126126335174526,-0.26393477547055044,-0.2723196936988188,-0.26051704434800615,-0.2643659124515934,-0.268293715508521,-0.2616212433922451,-0.2617168351819913,-0.2575107330682397,-0.2410526595508132,-0.2385975089851827,-0.24049530058738713,-0.2377204788846368,-0.234593561624567,-0.2287125459079656,-0.2290440538925789,-0.22975307599232284,-0.3492664146763955,
-0.2267081603737935,-0.2207086283345522,-0.2228723148708971,-0.22702514440562638,-0.2338368280801496,-0.23267744340937024,-0.22823388289834226,-0.22091134877690838,-0.21694576196437135,-0.21628917615217683,-0.2176188087827633,-0.22687135209627518,-0.2350924869296117,-0.24056789314298963,-0.24706790512034618,-0.2593129903210059,-0.26697657045176676,-0.25516628274847947,-0.2595917394215718,-0.2633791759838434,-0.25676410934908445,-0.25634259627585987,-0.2520307616924902,-0.2365950983905934,-0.2340932844892901,-0.23585856535571997,-0.23279760167730798,-0.22980408412358072,-0.22331424889546164,-0.22372693946295338,-0.2248220644176893,-0.3492664146763955,
-0.22333015904201087,-0.21735699842709813,-0.21825299247229507,-0.22284607439079912,-0.2291084935489117,-0.22716744612934858,-0.2223188551048297,-0.2160075351659429,-0.21205545110238644,-0.21170974571501808,-0.21389902388773488,-0.22431470238480147,-0.23286454044862714,-0.2381368355262308,-0.24361817010731548,-0.2557106536103785,-0.26233167366030485,-0.25002231708003925,-0.2533254843797329,-0.2559311916111948,-0.24828763550891636,-0.24693204159326046,-0.2422262819638062,-0.22598319878572115,-0.22355311647698736,-0.2246864874298368,-0.22194600063847655,-0.21908485351782436,-0.2148864088560051,-0.21568361071046405,-0.2160230914025373,-0.3492664146763955,
-0.22556300211712366,-0.21953788077876035,-0.2205866933798354,-0.2258009041858816,-0.23345595352792362,-0.23100663297242519,-0.22602036138201026,-0.21868282842406117,-0.21490235014624398,-0.21412850926291369,-0.21510301223540107,-0.22395598877732428,-0.2316879651707554,-0.237033870678121,-0.24289530989504424,-0.2542064674333488,-0.2610585541971205,-0.24993122048017158,-0.25492951842441725,-0.25898151904021915,-0.253580834587861,-0.25345409658918344,-0.24945836974803526,-0.23415968394255962,-0.2315966437357613,-0.23335158402644762,-0.2302306316245499,-0.2273679498890499,-0.22150660964278265,-0.22164617744738807,-0.22207033971196657,1.6376714110382102,
-0.22578283801834131,-0.2197024756732254,-0.22036848679735538,-0.22498624433377204,-0.23192101764477865,-0.23050906700323867,-0.22656595579432137,-0.21906012707372785,-0.21477363129155883,-0.21445903620914655,-0.21641681709902358,-0.22489516622235545,-0.2328353833353271,-0.23792628423364007,-0.2448493394688541,-0.2576024871980049,-0.2663506200490344,-0.25490695666126495,-0.2576989547784546,-0.2609304932311577,-0.25531458713977345,-0.2554438152841213,-0.25095835832550495,-0.2355548874738061,-0.23255496932411335,-0.23434074827095178,-0.23165365725842188,-0.22888258465282732,-0.22360969784185736,-0.22335316453527074,-0.22422098764204942,-0.3492664146763955,
0.3181127341335074,0.34473456617112236,0.4484359213093944,0.6369947681079372,0.7359578519788663,0.7793901237254992,0.7648459930153971,0.41607244882653577,0.43864752219675174,0.3512337516888551,0.2871448201546033,0.28826374960869156,0.33355955132300674,0.47616652271438137,0.5992891294163278,0.7322533910118643,0.8510265478046986,0.8482835067552023,1.085766427528098,1.1788705893206424,1.031942043180822,1.0037954965882012,0.9485336542380463,0.6320232665898208,0.6068228135407445,0.6775136967975842,0.5515471677255414,0.513672407710937,0.3566305890041286,0.3465508033343909,0.4252549127375951,-0.3492664146763955,
-0.21679542911561897,-0.21761849192878863,-0.21363983410144669,-0.21207883664931224,-0.22349259549657058,-0.22326275983998184,-0.2147739649337366,-0.21027965000003965,-0.20716715147250597,-0.20556031228325317,-0.205427178847689,-0.2121519817821857,-0.21796611311446829,-0.22170168751419847,-0.2260388249450591,-0.233425567847607,-0.23734405186309582,-0.22704203612072002,-0.2344239436174859,-0.23734724072005398,-0.23409345590436564,-0.23415797583325387,-0.23050700685575715,-0.21746483291673596,-0.2142431294436361,-0.21509324212293926,-0.21129103437002666,-0.20799526331574955,-0.20160351664096574,-0.2005028941200089,-0.20037600261001623,-0.3492664146763955,
-0.22987207314818112,-0.22370983040217746,-0.2244786605035041,-0.22926770944050812,-0.2365624258517848,-0.2351503347850963,-0.2310818165220128,-0.22392011846192753,-0.21961265573488006,-0.21913436026650865,-0.22097919417102568,-0.2311228071376216,-0.23961355461542794,-0.24498461141141162,-0.25149811542129796,-0.26417750128934026,-0.2723972744161066,-0.2604545401116006,-0.2641866668470577,-0.2680632512494447,-0.2613953301809353,-0.26149854515777193,-0.2572315739882912,-0.2406185098964678,-0.23826675944583997,-0.2401007037748564,-0.2374228472196149,-0.2343555875858959,-0.22831305445625316,-0.22874370528371138,-0.2294312288702559,-0.3492664146763955,
-0.2279222867563355,-0.2217333642904154,-0.22220906548460195,-0.22652104549161384,-0.23354402361957946,-0.23231087633276398,-0.22850148945998325,-0.22109091300677808,-0.21679994763679827,-0.21595660891615237,-0.2175209722503659,-0.22750771935317626,-0.23582398744858007,-0.2407986897521756,-0.24688872806773002,-0.2589845965661726,-0.26660922243999374,-0.2547254284002147,-0.25855847721658637,-0.262201370659814,-0.2552363055851568,-0.2549544561922682,-0.2503528583492787,-0.23334480349514175,-0.2302180495019766,-0.23162355283838995,-0.22853470825903738,-0.22472663803798404,-0.2193046413527772,-0.2206143628434672,-0.22102706408323267,-0.3492664146763955,
-0.20992735324751138,-0.204233210349871,-0.2125229122724813,-0.21905633076938333,-0.22471413910551158,-0.22322254088173352,-0.21903375386537502,-0.21249748200587085,-0.2101850052452423,-0.20885844073131157,-0.20945444998739499,-0.21699880823957862,-0.22427348277098924,-0.23007029158201528,-0.23639571998640946,-0.24806122082116475,-0.25509080671344353,-0.2430810221455967,-0.24858801693425792,-0.2523351735687326,-0.24676823781796767,-0.24547370025774848,-0.2406737053202194,-0.2264824223256172,-0.223734039301927,-0.22544183302131765,-0.22218880541783653,-0.21969278719644642,-0.21331147535949266,-0.21404445555520105,-0.21585432622730094,-0.3492664146763955,
0.6225940783357132,0.5436753710739661,0.48930219251069107,0.45142448060785656,0.4837022341280053,0.5164132942098554,0.4991968810947031,0.5002699024454996,0.5283253448862907,0.533825406005026,0.537078225483443,0.6025965641898687,0.6398661748478363,0.7044300378879499,0.7621080092288481,0.7834985225541266,0.7562116388670933,0.65365927830069,0.7239967979970223,0.7242022782054457,0.6979629845512018,0.6834712834190972,0.6289240304232118,0.5137548789835887,0.48025881673806137,0.49301830923406464,0.4725494578989415,0.4618536607793895,0.4247371306715191,0.46990282315412696,0.4987976620093857,-0.3492664146763955,
-0.16447448462581368,-0.15877847191388778,-0.1547104959707887,-0.14699269048139246,-0.14768369062708603,-0.13775380726474717,-0.13753140717387558,-0.14404610121095746,-0.14179808561347523,-0.1470713248285732,-0.15162507268481432,-0.16056989675062322,-0.15543182314530937,-0.1468369361829173,-0.13417405796854362,-0.1419514874388039,-0.154334673614311,-0.14740232979844964,-0.13261366376071418,-0.1301231901841813,-0.1222580102330367,-0.12070557887950456,-0.13107526075973625,-0.12435430083999362,-0.12220005571517437,-0.11843261096312022,-0.11688985529798632,-0.12423080144171564,-0.1285632952558064,-0.11919303620811805,-0.12822837878684631,-0.3492664146763955,
0.4757092122593742,0.5946121813981812,0.46683184573745407,0.5921389665271416,0.7466200519063457,0.864572728182376,0.949240755704733,0.9384162428398916,0.9918147889742412,1.1404861927726773,1.2415811253019202,1.3119764819292112,1.4313728905498222,1.6085972144095682,1.8654641502345035,2.2732346604717093,2.7616506359328965,3.122232843019913,3.4258245240983456,3.8813881173546196,4.223901853930189,4.669228323221305,4.913863549684043,5.154882671577595,5.049926961867499,5.221081325296633,5.467366134931805,5.500054027813734,5.6725164066860545,5.979610990540299,5.9402655910360656,-0.3492664146763955,
-0.13288995664825287,-0.12178975151740636,-0.10521581871990154,-0.10598401878231331,-0.1047295050149332,-0.0897668445090217,-0.09631884320460693,-0.1146146688675517,-0.12066003619564207,-0.1204567646425554,-0.12461220642349426,-0.14420510246041762,-0.14059342516206233,-0.12797963849342803,-0.12805819917259328,-0.11791806188127885,-0.11266587143411749,-0.10705717507603373,-0.09016120819365683,-0.08373062403199696,-0.06786756578173873,-0.06696523948977975,-0.07119023186099638,-0.09959854364808561,-0.10645694302628773,-0.10260731915764254,-0.1009381171959266,-0.10635235185744951,-0.12225919307296834,-0.11854793354995673,-0.11349637227782909,-0.3492664146763955,
-0.21911879285593902,-0.2122306638914198,-0.21268687541072895,-0.21736512392170282,-0.22419258116012103,-0.2217677637062367,-0.21632308395220137,-0.20960521530332668,-0.20538721106006239,-0.20372813205043136,-0.20524648076234273,-0.21575682060641735,-0.22443470445629526,-0.22965323806015292,-0.23500767457880348,-0.24595236179556162,-0.2530418800773811,-0.24119060146367127,-0.2423933377822848,-0.2456118220106797,-0.23780683864282529,-0.23664986406747554,-0.23299633914438236,-0.2147161896912382,-0.21193542111927607,-0.21456102633177201,-0.21294243665545282,-0.20979826662050494,-0.20476609111555613,-0.2073245487870697,-0.2074436835850666,-0.3492664146763955,
-0.230610606829396,-0.2151907172354288,-0.20507430113494365,-0.20715487047136819,-0.212279099670674,-0.21087646981258806,-0.20446880535744155,-0.1996351252067517,-0.1982232023039899,-0.19650244575361797,-0.19510542467976127,-0.1990137465119631,-0.2045203960723756,-0.20940468221423736,-0.21438616452320125,-0.22289697850786605,-0.22815372073823337,-0.2204937199492103,-0.22949438361288393,-0.23462820566345183,-0.23253412936676685,-0.2323368426265042,-0.22945082223813512,-0.21748280107916412,-0.21498425341142263,-0.21660838699453003,-0.21338146397297128,-0.21102813245061208,-0.2066734046767638,-0.20582770083065316,-0.20654564828896035,-0.3492664146763955,
-0.22075965951731535,-0.21553318080617062,-0.2157503972043041,-0.2192116112384318,-0.22609924145609916,-0.22530013735353313,-0.22028758288478767,-0.2136208272772581,-0.2104434485706649,-0.20942258085867818,-0.2103998703565823,-0.21829576756843116,-0.225538386950917,-0.23073514777900359,-0.23677253009706145,-0.2479534220016434,-0.25492967753138424,-0.24433310168976335,-0.2496335143340922,-0.25399108143022076,-0.24945345275518715,-0.2504795106957726,-0.24714351188437783,-0.23245659351997647,-0.22974830977159952,-0.2312975428307461,-0.2281179414815621,-0.2251821883405831,-0.21961557754233071,-0.21997590351891294,-0.221053316443825,-0.3492664146763955,
-0.011712959490779995,-0.0348809924834861,-0.0330979268074863,-0.022218082276173914,-0.0229467028893636,-0.036851335698236204,-0.02795690147092627,-0.034631630477017894,-0.05540762179866976,-0.05191832981954163,-0.04346578778750419,-0.028648076051698057,-0.02482853705292134,-0.0317204463969396,-0.03493765482731291,-0.03710892561041918,-0.039159799511561316,-0.048027908239152775,-0.0684461843759166,-0.07872412040393796,-0.09074364263488109,-0.08669845271204513,-0.08507298983864624,-0.0951400112358427,-0.09213577066466097,-0.09359706169228305,-0.0915734377855356,-0.09697577477743934,-0.08847635333133688,-0.09064907924245036,-0.09756153033803627,-0.3492664146763955,
-0.21475224838665474,-0.20759147714823092,-0.20756333554187653,-0.21167263194404767,-0.21669061062543563,-0.21326547593253906,-0.20711372710676376,-0.20118493552407948,-0.196045037934864,-0.19391127771833547,-0.1945992703743991,-0.2118053805822337,-0.22109793010775372,-0.2167780265182312,-0.2232565821280406,-0.2336861411530725,-0.2415015826100574,-0.22950563394925813,-0.23244306557145697,-0.2371212084659599,-0.23070580849384104,-0.23059872111910548,-0.22550278546132832,-0.2075230972078331,-0.2039587976134746,-0.2058473845291049,-0.20337535122355802,-0.19995134085229774,-0.19819751447263806,-0.19688822133948228,-0.1924024447246567,-0.3492664146763955,
-0.2098569482856835,-0.20167667997293767,-0.19954763385100108,-0.20454885912124976,-0.2100647659376124,-0.2052308771876149,-0.20042125611262185,-0.20374693230382757,-0.20206566123955322,-0.1950681220301506,-0.19330143882218842,-0.20163561687934176,-0.209018309579983,-0.21227627792010909,-0.21648630413991699,-0.22873096495242554,-0.23251216565047877,-0.2200628396812231,-0.22287881375811036,-0.22538248926988352,-0.21642704277993943,-0.21401072895002798,-0.2085654963536082,-0.19390808634739934,-0.1925752653911669,-0.19506322288280886,-0.19433427410823928,-0.19232177318559093,-0.19010920245625723,-0.19279452924097137,-0.19108709917705685,-0.3492664146763955,
-0.16796455916213862,-0.15921517933549265,-0.15836823003981787,-0.1592227152501479,-0.1562127643086151,-0.14459447750624224,-0.12923445028644662,-0.12326474810764405,-0.11514724899732802,-0.11569574841394775,-0.13169237670678505,-0.15250582850980512,-0.16934491156235842,-0.16966393555040518,-0.16565538921318276,-0.1673020575129971,-0.16021356796878652,-0.12976682599049058,-0.12471033964809906,-0.13206163836328702,-0.1079062167601303,-0.10739501158109986,-0.10048571650622512,-0.07209899949079557,-0.0740778823535651,-0.13158479885346333,-0.13019341359935263,-0.1084165266701919,-0.07763448890325218,-0.08190889975949192,-0.06873371088968075,-0.3492664146763955,
-0.22307440224190142,-0.21608802488589965,-0.2161510590082928,-0.2203537103404915,-0.22659106144846303,-0.22452103867660828,-0.21949629796545272,-0.2127849985406027,-0.20863635652481113,-0.20749858758523615,-0.2091599420582395,-0.2195144621101978,-0.2286281833985641,-0.23398654562420243,-0.2401730490956397,-0.25300069123353713,-0.2615392894110833,-0.24993055554148644,-0.25414401891512106,-0.25806464800951895,-0.2513852734016665,-0.2514884615354153,-0.24745756584931988,-0.23074379057716188,-0.22826370607007676,-0.2303885449815642,-0.22794810180567704,-0.22480902904969205,-0.21978434878187125,-0.21986751228637638,-0.2199834475147508,-0.3492664146763955,
-0.2283389691834801,-0.2225775768136395,-0.22252712931669144,-0.22599444216179715,-0.23208228885157706,-0.23033784915241007,-0.22556243118816774,-0.21867641541585156,-0.2147484908902531,-0.21363373898846014,-0.2144241465003986,-0.2226385315280445,-0.2299719832968331,-0.234449758467902,-0.23936790585920562,-0.24909994454569168,-0.25726505604666317,-0.2485401687508054,-0.2534588480035854,-0.25644364218726595,-0.25051944788483266,-0.2498871556065766,-0.24546806592743342,-0.23100845675346862,-0.22832260021882014,-0.229526310862987,-0.2260444133997614,-0.22312761248066101,-0.21709115690760303,-0.21690283725193205,-0.21775847471961435,0.1474680417522559,
-0.2293792384153859,-0.2229678259989034,-0.22361939503464215,-0.22821900366403558,-0.23546212158979862,-0.23401845838867896,-0.23003907371286003,-0.22296030489988589,-0.2187387753854939,-0.21845392362102306,-0.22036921334148665,-0.22980628161199754,-0.23801934656764107,-0.24331639732396215,-0.2499447349651406,-0.2626718873133765,-0.2712793163874978,-0.25924368676591425,-0.26271477290674095,-0.2666283896364456,-0.26005351078166733,-0.26039992118611427,-0.25638623311239084,-0.24015376580339334,-0.23786392346843535,-0.2395506732291731,-0.2367517331605351,-0.23376245229287185,-0.22795645075482396,-0.22825664403557114,-0.22923757509341902,-0.3492664146763955,
-0.22904301880175892,-0.22260279699908173,-0.2231805162585807,-0.22799170906441385,-0.23491654452850197,-0.2336610842168152,-0.23004138066597765,-0.22259690110134006,-0.21865329802105452,-0.2181948068174948,-0.21981014744207283,-0.22951651555504846,-0.2378649853795821,-0.24325161231085735,-0.24989244294978483,-0.2625126877322291,-0.2709358393656595,-0.2595695067216453,-0.2633485559999114,-0.26703391809232024,-0.2603603324453997,-0.2604311786778452,-0.25617440641616235,-0.23985219205020708,-0.2373385876616445,-0.23912935428486834,-0.2363741284442469,-0.23336769535813504,-0.22776067611695694,-0.22841328684904336,-0.22910972268793695,-0.3492664146763955,
-0.06887173064332965,-0.10644791449944427,-0.09772775780474043,-0.07923189449515163,-0.08636860655582283,-0.09024257732944485,-0.07730147517971589,-0.08012764838555252,-0.09370449791566976,-0.08788557841007519,-0.08173185193845395,-0.07196204536182549,-0.07112403003827597,-0.07987838588841718,-0.08552633468291373,-0.08209601442470696,-0.08403328209048934,-0.09325770254279436,-0.1127174016572556,-0.11664380103133148,-0.12683459159052426,-0.12370424841408513,-0.12343770424142705,-0.12821842701407235,-0.12625244430190788,-0.12769583794260775,-0.1249675457081026,-0.12815397345066545,-0.12165677902500832,-0.12621469018166573,-0.13493875490604273,-0.3492664146763955,
1.7864527549685911,1.5328070619836345,1.496183798017555,1.5723570543829695,1.5993752989918462,1.4351809220002416,1.5040825895877328,1.3726709560857382,1.1534283503438598,1.1853909307951438,1.2760425463409664,1.4863215441233335,1.576493846379157,1.5342086329246076,1.5321102423435804,1.6344731123476774,1.6693559107530584,1.5323398440578824,1.3541111679920614,1.3177175494053956,1.1482179969032915,1.1781200652253,1.145442049915942,0.9425276821288688,0.925162177860285,0.9138780782411973,0.9123694979822538,0.8559890633210934,0.8172088901454756,0.804145020786697,0.7184242288452736,-0.3492664146763955,
-0.2228703715361961,-0.2173131949471195,-0.22011576165945484,-0.2244506392376337,-0.23061941031615052,-0.22974835413579878,-0.22660517399732047,-0.21953789618534547,-0.2150602318664438,-0.21490483952860265,-0.21647971201270763,-0.22578868920825315,-0.23373753872331626,-0.23822186585593086,-0.24466093441352807,-0.25625250330585336,-0.26314196115197747,-0.2535305335829724,-0.2566302105084075,-0.2592153073030321,-0.2535944944564519,-0.2537405381937341,-0.24961220212835897,-0.2351401628599236,-0.23305580516502697,-0.23486672889803842,-0.23171837771743634,-0.22881099246304223,-0.22344728034309946,-0.22283778170701612,-0.22328169863644096,-0.3492664146763955,
-0.23024852416856692,-0.22378947309304764,-0.22454523200324375,-0.22937010453241694,-0.23646978069043254,-0.23513769454107541,-0.23094801324119232,-0.2237384165626546,-0.21947186948756817,-0.21900684215453609,-0.22091729758930487,-0.23106876716558608,-0.23957324919410145,-0.24505668473849074,-0.2516665264707527,-0.26423175764883444,-0.2724304285687937,-0.26067064518427935,-0.2644858173611121,-0.26852085576386064,-0.26187762861810365,-0.26205195648677865,-0.25795748589160794,-0.24146786979070728,-0.23896877769886088,-0.24084625125135345,-0.23798966652627018,-0.23483793496511837,-0.22882016239247266,-0.22920419319742327,-0.23003162376639982,-0.3492664146763955,
-0.22940725671652154,-0.2230892811024805,-0.22456988811425846,-0.22818637226111957,-0.2339546361248321,-0.23212127267245042,-0.22780940352470488,-0.2217482463482654,-0.21732588483211354,-0.21665132759017888,-0.21831564449310412,-0.22803134804772734,-0.23587972898871248,-0.24055250670237727,-0.24634119990694583,-0.25767958834044397,-0.2647413174776028,-0.2542745999716725,-0.2579405998767194,-0.2609327092336488,-0.2539580571127923,-0.2539496046958033,-0.2498982418898555,-0.23486432728535067,-0.23252764243909643,-0.2342797327367343,-0.2314199215879684,-0.2285702187297985,-0.22324594618204757,-0.22340316436189245,-0.22236968481066868,0.6442024981809074,
-0.20798906154331112,-0.20723706717385854,-0.2104296084473342,-0.21395345448579645,-0.21984740871595732,-0.21811818052347362,-0.21231129248070438,-0.2058568120047966,-0.20895312558126297,-0.20754857468512936,-0.20762151250288824,-0.21552295796881538,-0.2229879970993203,-0.2259677806271517,-0.23026601918639436,-0.24084155551110237,-0.24783203652413116,-0.2386272628323583,-0.23892404828289318,-0.23946961710592254,-0.23275111112553648,-0.23011499862412188,-0.23188166873360214,-0.21811799990230035,-0.2132089481917026,-0.21461981502167501,-0.21094846939269538,-0.20822203857613028,-0.20173773941500034,-0.20223820278800597,-0.20592513794768721,-0.3492664146763955,
-0.06549516614750271,-0.08146134761710143,-0.08298956744570994,-0.07760370001172269,-0.07211840821893527,-0.07295876730049689,-0.06667564912007516,-0.06649679943597908,-0.08866937834216403,-0.08214624322641402,-0.0689062812067229,-0.04493833244944088,-0.035592657233567276,-0.04674004187263131,-0.043882665454056835,-0.039374842518768625,-0.03948669945705606,-0.04343118710860376,-0.08351199155304893,-0.11254973642899041,-0.13538304243057478,-0.14033477126863259,-0.1428092801853882,-0.14708742569370406,-0.14868310536890114,-0.15254073995956585,-0.1512213792957054,-0.15345761299783847,-0.15457471580259435,-0.1547348710060028,-0.15601224072697203,-0.3492664146763955,
-0.2168428447021561,-0.21031127504144811,-0.21020647064265122,-0.21459483033621418,-0.2204067109863432,-0.21675418328230875,-0.21084060986823783,-0.20625762501789863,-0.20226175636973767,-0.19989646782187973,-0.19991538807864662,-0.21033884754802828,-0.21897889402056636,-0.22306946110337428,-0.22840119363877967,-0.24013907843554597,-0.24678237605005776,-0.2363691310575363,-0.2400460156505328,-0.24303184111039522,-0.2364035498348986,-0.23560453155712965,-0.23013692448392403,-0.21192966763683782,-0.2085492431431275,-0.20961431437152545,-0.20844539533450573,-0.20470202258563508,-0.19871296169363484,-0.19950010039447685,-0.19882813615431297,-0.3492664146763955,
-0.22486038933480051,-0.21889941187361758,-0.21981495710507562,-0.22461042058984304,-0.23147494834937885,-0.23027809527158397,-0.22634102786535593,-0.21971746041521517,-0.21642585846536946,-0.21614635586676753,-0.2177875268845507,-0.22742013732953248,-0.23610012246277448,-0.2422401562937581,-0.24926416976528948,-0.2606358460334103,-0.2688471277463726,-0.2571444753368468,-0.26123431433003,-0.26554864242264825,-0.2587400618787034,-0.25846503120617986,-0.2542478155827149,-0.23785724039466913,-0.23560757084177952,-0.23691498029852223,-0.2337869590125608,-0.23018364271635203,-0.22390832365864435,-0.22426679773081304,-0.22378015254794717,-0.3492664146763955,
-0.23021116643371944,-0.22408813318381088,-0.2251727300285676,-0.229517508455934,-0.23670768431464576,-0.23545829709396926,-0.23142901296621077,-0.22422580518658666,-0.22009334020784507,-0.2196077074981508,-0.22133759534582845,-0.23133896702576368,-0.23989912281333706,-0.2453708920520492,-0.2519887375653715,-0.26460798266795865,-0.27283424614852253,-0.2610436757866572,-0.2648540967260625,-0.2686610179214239,-0.2620693921579364,-0.26218825964744136,-0.25800319327617705,-0.24156596624504484,-0.23907478716659894,-0.24085916694837758,-0.23803377537413356,-0.2349655210463555,-0.22893373550896345,-0.22931223478082263,-0.2301775459785234,-0.3492664146763955,
-0.23010771424491114,-0.22348550348955973,-0.22185278468043967,-0.22494011028137356,-0.2318363788553951,-0.22966217065383807,-0.2247203933002457,-0.21720569886644253,-0.21363929638464557,-0.21361741667012765,-0.2157489330156167,-0.22732044289836348,-0.23522112125299421,-0.24006985835474626,-0.2467041680135331,-0.25834779824158294,-0.26651174923109366,-0.25392284740722,-0.258179186176272,-0.2620950025402403,-0.2554186122928882,-0.25511996717307295,-0.2511220202508973,-0.23492357365876243,-0.23306711284158568,-0.23481684758539348,-0.23189192748332862,-0.2296461013584125,-0.2237772777550011,-0.22256680362567463,-0.22375765052458232,-0.3492664146763955,
-0.22432301268737956,-0.21836978797933077,-0.21989508946587336,-0.22429985965174604,-0.23158818132436493,-0.22967596001095178,-0.2247688393157152,-0.21798701703331608,-0.2132601791329556,-0.21222389874249145,-0.21395792547356599,-0.22418612452030318,-0.23279250522753298,-0.23798782999608967,-0.24408187724348523,-0.25632103765468817,-0.2642612453466937,-0.2519353456772604,-0.2557401000831536,-0.2594906456125536,-0.2528862828079737,-0.25327731241463963,-0.24885139534004863,-0.23193745931360596,-0.2294288679088155,-0.2312093597958916,-0.22875319133723904,-0.22552495094754302,-0.22014214380969718,-0.22002345580157415,-0.22001208645357878,-0.3492664146763955,
-0.0816049708824864,-0.06519963751958856,-0.058187985376034035,-0.06762749248575108,-0.054874970533172626,-0.03247321481463194,-0.0373381263236247,-0.04770347887765168,-0.04788058564774295,-0.04723586474790907,-0.05574427260338028,-0.08150196387340686,-0.09539732686054997,-0.09886282416612466,-0.10366397400911577,-0.11409655803427358,-0.12806597535727265,-0.11930601059546715,-0.12555762689138197,-0.1316250858725367,-0.12464113192257448,-0.12148496650118895,-0.11531555115123548,-0.09188000382015957,-0.08848716036171196,-0.08952193659673464,-0.08955762221495797,-0.09034609802951883,-0.09255942600182136,-0.10092142124468408,-0.10768539521373074,-0.3492664146763955,
-0.1757766362531221,-0.17169386161667122,-0.17240125562382824,-0.17815342982458354,-0.1841881717347274,-0.1819176707606954,-0.1759294883396788,-0.17239480400163695,-0.1730043629462154,-0.1651962391919056,-0.15430659233807423,-0.15239215822379934,-0.15110799475534628,-0.15420947067424728,-0.1634914225777239,-0.16506612438226284,-0.16848287673200152,-0.17448195775181413,-0.18457041868635876,-0.1906660402434015,-0.19494479790262242,-0.1932301335458278,-0.18924650847576413,-0.1813381426638686,-0.17906636112900862,-0.1777757851004257,-0.17248472959140368,-0.16997581097618772,-0.16712017697804127,-0.16633238323828062,-0.1733807343069041,-0.3492664146763955,
-0.22121801018717444,-0.216691981958332,-0.21773644694653732,-0.22237685732128296,-0.2290615990845235,-0.22756848659873913,-0.22230270643300656,-0.21524545602369827,-0.21141085121290826,-0.21162813412335563,-0.21250036080723708,-0.22120554054544733,-0.22854242718297582,-0.23224139933369098,-0.23904646376481267,-0.24968748380705638,-0.261480938102354,-0.2528882028131025,-0.25701745442537366,-0.26086899916202916,-0.25487064141057164,-0.2544943049205571,-0.24977979587177876,-0.23361918219167993,-0.22986468460951642,-0.2305003325661525,-0.22784916607215178,-0.22569573231647172,-0.22097964626661723,-0.2209807951392683,-0.22126640378629517,-0.3492664146763955,
0.18994265637978355,0.1522780036832935,0.18492373483990324,0.18211301145902117,0.21971270627328118,0.2500247479216601,0.2624608125968221,0.2741579213208813,0.2587991249520823,0.2838746043653636,0.301293180737626,0.3442845661364131,0.3784091945135423,0.4296703188090428,0.4773941346212965,0.6191617208419616,0.5382111494544827,0.6462545211026872,0.7797372869296739,0.7406699467175685,0.6975820843693422,0.688660027046432,0.7436230259197962,0.7794311573944216,0.8415395539425546,0.9393705465848141,0.8755600460919494,0.8985584192975004,0.8313757465469086,0.8715867449692372,0.9238005370360007,-0.3492664146763955,
0.010364024968105557,0.028458839565580856,0.037866059109441526,0.044416367699070126,0.07666285830826065,0.06328352832227804,-0.09908949389883805,-0.044043788859354886,-0.03999756141432744,-0.042006602012138156,-0.009350787939702067,0.0061340997424072325,-0.0006615779379768555,0.005812750945345398,0.052272353782311154,0.0704900020601638,0.09692009402650868,0.12239321701402088,0.19660545339447894,0.22519341924484035,0.2202038267914859,0.2069487723094515,0.17936978671038062,0.1758723257901437,0.19948449625298934,0.2107533220421011,0.19116427701857058,0.21217169936200378,0.19240227412321462,0.18537408949989462,0.21887487792889634,-0.3492664146763955,
-0.12084639766781821,-0.12228088144443924,-0.11676474111918199,-0.11236514588357487,-0.10658583954425083,-0.09968254138687502,-0.09362893586949163,-0.095600099525992,-0.08368956765153084,-0.08267977900690722,-0.09695142271803207,-0.10951982592651394,-0.12036181878046585,-0.12677868631299719,-0.13045978687783066,-0.13375021036157686,-0.12723645845704157,-0.12068908306061138,-0.11960826339612832,-0.12149906248937167,-0.12482291325074468,-0.11019332571786411,-0.10407546636528113,-0.09478016236126782,-0.08790151694660793,-0.08196180014898233,-0.08339021592632567,-0.07458981693128469,-0.06542617309808743,-0.05910233548638195,-0.05260760175128674,-0.3492664146763955,
1.640477406052192,1.165627709508407,1.1064828681804353,1.092054309641706,1.2639632143390687,1.1923422994360846,1.2347654222100632,1.1151416477421314,0.933138097942788,0.9715328555681961,1.0519359889011188,1.2376864279588597,1.3081214848198208,1.259750164156638,1.2468096205637276,1.3149738309741343,1.323497757668777,1.199594551920795,1.0424177439383622,1.0019028463824262,0.8345185893354345,0.834818521126578,0.8042909780832509,0.6498836200434173,0.6444830303195822,0.6319012447035309,0.624078190669595,0.5689615760434078,0.5232574410305129,0.5098589783093487,0.45521635684789186,-0.3492664146763955,
-0.22520810363607288,-0.2177339738305504,-0.2188952841642277,-0.22302385927565174,-0.22909819964209477,-0.2266147227317072,-0.22197627256686692,-0.2153469953203508,-0.21137163218687138,-0.21064879502340636,-0.21210002968997826,-0.2230680561333613,-0.2316725290519495,-0.2367925465043055,-0.24329057601111592,-0.25594980993183314,-0.26435341389116385,-0.2535843936164708,-0.2573588163616566,-0.2613171856658578,-0.25486381147627624,-0.25547404794005774,-0.2517471793172608,-0.23525234246859672,-0.23301434368431162,-0.23494199623586876,-0.23222418665508435,-0.2292377459071802,-0.2240246765367276,-0.22478462810302816,-0.2252905156313757,-0.3492664146763955,
5.499154964773086,5.8076683157868425,5.936928148567942,6.009593226432083,5.393661313476207,4.926064691967719,4.49525377885315,4.730252708304397,4.775775027547329,4.2428090496798605,3.9540650427336175,3.979130482426316,3.9557691756394875,3.666693989225213,3.2862028334410165,3.004335535158583,3.1126861415007956,3.2555543792729633,3.257738640784319,3.1838658772352777,3.032749754459904,2.4081331099113044,2.148200141226565,1.9164482202065412,2.117837478279175,1.954527854034482,1.8393387841384814,1.8114144329925757,1.7753804006842024,1.520266313804257,1.2126225304175398,-0.3492664146763955,
-0.22366350498372653,-0.21750168264884565,-0.2178252089461902,-0.2227875629097084,-0.22948708056628947,-0.22777647606853763,-0.22269604193955642,-0.21585255413421015,-0.2117135416446289,-0.21057432444601437,-0.2118474517032788,-0.22200123254748763,-0.2303038598511599,-0.2352530926304019,-0.24033069414193287,-0.2523260562371949,-0.2584486592975924,-0.2453185408211786,-0.24883027379226516,-0.25294568225503566,-0.2459775415783834,-0.2450770888052937,-0.24042600078449047,-0.22336033269722055,-0.22083927410289309,-0.22295622939746457,-0.2207707265706408,-0.2175390221573808,-0.2119684534015488,-0.21389830221584527,-0.21410871471778536,-0.3492664146763955,
-0.2272958262796629,-0.21811625874672735,-0.2109708100841066,-0.21167038150246725,-0.21349606820991857,-0.2107960318960914,-0.2065796674600406,-0.20681448789743503,-0.20209281287296335,-0.19742975746388247,-0.19720691346237929,-0.20312544300494176,-0.2033927018373892,-0.19962862373671805,-0.1901857274166305,-0.19029318984866012,-0.18498303544131448,-0.1849613914300222,-0.17486056805431086,-0.16258707267844155,-0.1533426173501425,-0.1415010344027244,-0.1497405838905178,-0.1525822840146417,-0.17497722259345924,-0.1672232152628384,-0.16474506960416543,-0.16290138274759106,-0.16160036467306813,-0.16099533880783387,-0.15378010819712856,-0.3492664146763955,
-0.20975349609687519,-0.21104531517563507,-0.21014976158731744,-0.2124962935624789,-0.2168942012269258,-0.21523850311289297,-0.20831564968103053,-0.20497181687186736,-0.20217929585345498,-0.2009553782236999,-0.2028045607802602,-0.2119237094865184,-0.2208543824554829,-0.22458462059736353,-0.22966235400912524,-0.23893972733093757,-0.24624063719515066,-0.23347664777706645,-0.23765219977835514,-0.243336541452924,-0.2329912095849983,-0.23115571937339274,-0.2250004957083224,-0.2080737971049558,-0.20441204698220355,-0.2049766884021325,-0.20066574882163438,-0.19541343590647808,-0.18956278074894475,-0.19133264619827628,-0.19121358782354714,-0.3492664146763955,
-0.20288254655685628,-0.1931031443007611,-0.19504912639637104,-0.19979930216578773,-0.20153569225608334,-0.2013916903445383,-0.2021860752475817,-0.19264922159705894,-0.182554698594225,-0.1844402525059092,-0.18373142862257966,-0.187276823620041,-0.18942558700451947,-0.18045064023235988,-0.17437815877466456,-0.1832776997861679,-0.17572639601107784,-0.191156625159709,-0.19483207660608984,-0.18397482072146978,-0.1711703219998527,-0.17350460659202085,-0.17860061968920718,-0.18647023835416193,-0.18812616581849806,-0.18776318185099097,-0.1817034787948449,-0.18108939856031342,-0.18746525207305498,-0.1820837272206703,-0.1678356902462085,-0.3492664146763955,
-0.22899272954331043,-0.22133382345788324,-0.22002946527090345,-0.22430436053490685,-0.2307212056168956,-0.22876471332835382,-0.22384259763900094,-0.21679205983692126,-0.21247982107642668,-0.21149755557669575,-0.21225477114428032,-0.22088130071323422,-0.22801502645710764,-0.23209806249219653,-0.23587510683352897,-0.24294327554203515,-0.24957992345379473,-0.24402722989458722,-0.25074875234456495,-0.25393401936607446,-0.2478100654877987,-0.24727689883809517,-0.2431315830646251,-0.2288848142048641,-0.22643327592713294,-0.22794168844878357,-0.2244754575589396,-0.2218225548534612,-0.21580889259589384,-0.21601612703995532,-0.21636266739149776,-0.3492664146763955,
-0.18047796350007772,-0.1825956186186199,-0.18898002467010527,-0.19242910598993457,-0.19543369304849884,-0.19294341088620273,-0.19644522241444756,-0.18516096567761164,-0.18076771886941578,-0.1841138061392594,-0.20071006032138486,-0.20667344668617058,-0.21119480233161453,-0.2063282039044216,-0.20626475313831108,-0.21644975242112882,-0.21590790290172832,-0.22120054977154124,-0.21931470149864013,-0.24261578664268774,-0.2140013653459456,-0.22414533012141113,-0.2303639869750089,-0.21846716500462066,-0.21614470371826192,-0.21160466781983212,-0.20706441738738202,-0.2078668773217774,-0.21091611508441366,-0.21627661564718037,-0.21573499731551765,-0.3492664146763955,
-0.22059370496443534,-0.2149471433391841,-0.21632303538262027,-0.22285845181949138,-0.22796701365965782,-0.22463939732516766,-0.21914679456813715,-0.21311847496750355,-0.20889781669839042,-0.20754449410554626,-0.20756959924079982,-0.2143545765044611,-0.22099673777335951,-0.22474091444147895,-0.2292509388883113,-0.2367580505596975,-0.24161828522751602,-0.2367162290511927,-0.24267535902355084,-0.24515643349875488,-0.24005493778513837,-0.23891065183004723,-0.23467031066956648,-0.22200155111684197,-0.21938529535871687,-0.2202506135553382,-0.21650659645570117,-0.21365944539249002,-0.20698235532232268,-0.2066675580582431,-0.20671475440394466,1.1409369546095587,
-0.20940290812369144,-0.20409649039721048,-0.2040597021666892,-0.20724601335537496,-0.21414915940908086,-0.21509141663701337,-0.20989245213690644,-0.20230507429136194,-0.19912825675099513,-0.19821016830915456,-0.1982092387534712,-0.20421928657683322,-0.21034152798651073,-0.21536490341988201,-0.21947771501835872,-0.22831261986474666,-0.23445168358267374,-0.2254568222952855,-0.23101215953388388,-0.23512791422519902,-0.23119598762442717,-0.22934534694248482,-0.22473657242323025,-0.21295045351316227,-0.21035564447338403,-0.21225757857284566,-0.2093927049830103,-0.2076301031522088,-0.20017908737924353,-0.19999835041500796,-0.20268586940239278,-0.3492664146763955,
-0.22608888407689925,-0.2195617735860214,-0.22127583168269596,-0.22607433283790182,-0.23191415504023405,-0.2313686035966602,-0.22703426727719309,-0.22027325446005,-0.21583254499455493,-0.21448147939685375,-0.21645974537344284,-0.22591726707275148,-0.23605467166851266,-0.24114447975962267,-0.24755852726441963,-0.2590595560102107,-0.2663545985473568,-0.2552400909425328,-0.2593225651348971,-0.26290218144763017,-0.25653767075821343,-0.25639076355819934,-0.25240674179136446,-0.23662714970735718,-0.23407867874040172,-0.23564523367039017,-0.2330024810921499,-0.22991887160105742,-0.224355865275026,-0.22482623635035673,-0.22556531306822525,-0.3492664146763955,
-0.13881977863730727,-0.1282341725869864,-0.12559039605688999,-0.12166509571463234,-0.11190778936859772,-0.11126675047548779,-0.14140939536455208,-0.1327089715310292,-0.11776486758127756,-0.1169393050419042,-0.1121530235222719,-0.12002407842183266,-0.1238821114303664,-0.12412897927700953,-0.1213517482032128,-0.12031747798996269,-0.11294701864890404,-0.12065051661687176,-0.10707942387090519,-0.10163758616210117,-0.09494457760612095,-0.09464605429805747,-0.08994156351112827,-0.09577763818903678,-0.09741174408568665,-0.09932984969555066,-0.09068590180936921,-0.08946299437004678,-0.0954698363890982,-0.09948436329073122,-0.09168168344485159,-0.3492664146763955,
-0.22654436107484696,-0.2203064327456577,-0.2208258576566779,-0.22539807514298765,-0.23230532349927693,-0.23131459528129814,-0.22708963415201533,-0.21993229619023785,-0.21552482648257312,-0.2150486799589077,-0.21668836339302458,-0.22611945110605677,-0.23442787625880224,-0.24032818859450175,-0.24699946410024817,-0.2592487393689733,-0.266752448379602,-0.2554827935626182,-0.25922774237481855,-0.26283514737227387,-0.25640790200660063,-0.25645789030273625,-0.2521359378247243,-0.2362949815154419,-0.23372766961389127,-0.23540562522214917,-0.23260014244248042,-0.2297864860434101,-0.22501109479324227,-0.22590210674556668,-0.2264043657879357,-0.3492664146763955,
0.3486713612387191,0.4397894451028825,0.4250705577063242,0.17479457543951749,0.23250231360959042,0.33876730474006067,0.375218913602052,0.4166955794575717,0.491397112216373,0.5519074742827357,0.5490192740957444,0.44768446228445163,0.43042376951648204,0.4647028146454812,0.4975926945526975,0.48637427827620083,0.46254740527505045,0.3368412624893718,0.38169030467175596,0.3846885365412115,0.3684091979654476,0.39029087110197563,0.38790604272718704,0.32696466114454154,0.2684740443973479,0.2746299058348805,0.26524034633451066,0.2719883737747389,0.20351456964336317,0.21513167862083488,0.2513643902702592,-0.3492664146763955,
-0.23018530338651738,-0.2234815213550162,-0.22419018400463225,-0.22877148707202702,-0.23561767395947653,-0.23405178266837043,-0.23015442136873976,-0.2235930550432363,-0.2191651565916386,-0.21851819274945725,-0.22014359031779465,-0.23000846564530286,-0.2381702775070765,-0.24346945191742234,-0.24985629993917124,-0.2620036774122375,-0.26945119640833143,-0.2580188697078394,-0.2611615149206794,-0.26463897340004416,-0.25804603547837723,-0.2578911231612841,-0.2538875627559504,-0.2383739464709818,-0.23585822433883127,-0.23727572907747244,-0.23403635950748913,-0.23086596827933178,-0.22495986775818172,-0.22513148004714523,-0.22584590648078995,-0.3492664146763955,
-0.2291766445456363,-0.22393150255843283,-0.22447619489240264,-0.22875910964333473,-0.2360134174882158,-0.2349101701486991,-0.23081420996037183,-0.22371597103392094,-0.2193441562489352,-0.21873548361225847,-0.220408148288053,-0.23036811097643584,-0.23868996017354172,-0.24384601480609416,-0.24985168593781634,-0.26212218472376425,-0.2697376482875479,-0.25858672734497073,-0.2610342688942513,-0.2635348501588444,-0.25617043044494475,-0.25630980153043725,-0.25255221905837993,-0.23648291878192026,-0.23440613020741485,-0.23640013389300815,-0.2332304455114811,-0.22987847600793845,-0.22425182276970926,-0.2245706428310527,-0.2250198094715016,-0.3492664146763955,
-0.17900664348147058,-0.17948026202741407,-0.17811530935148245,-0.18286585449396875,-0.1841298395960982,-0.1875839474213391,-0.17992513113935266,-0.17668938183268737,-0.17819836985597318,-0.17646475971069714,-0.1761680656690812,-0.17935624082221374,-0.18506145319322984,-0.19125273135492696,-0.19535263993391835,-0.20407930245645353,-0.2070835936225314,-0.1947851955646571,-0.20371482806635546,-0.20852535831994665,-0.2067495512629011,-0.20351743525058497,-0.20001133475765126,-0.18850598259467194,-0.18709339802613442,-0.18871894343077752,-0.18618073296908697,-0.18399788126487895,-0.1813501736785023,-0.17996205625605088,-0.1836914341644764,-0.3492664146763955,
-0.22669091834232544,-0.2207657055963425,-0.22125733959943494,-0.2259505585509791,-0.23303275958100583,-0.23154441789986005,-0.22769174891570754,-0.2207585054145788,-0.2165244088384878,-0.21637996904790127,-0.2184124826935383,-0.22721981674353875,-0.23467571172185248,-0.2399581042071404,-0.2465472919674657,-0.25891320661946976,-0.26783261067414754,-0.255706877899519,-0.2585285009892067,-0.26241964690518915,-0.2557827003287898,-0.2565219425398898,-0.2524504832669198,-0.23656547520388752,-0.23461108184504176,-0.23577572674722028,-0.23303710859888374,-0.23054520327258515,-0.22533672400835575,-0.22561224761081558,-0.22654994706031134,-0.3492664146763955,
-0.22508166207197386,-0.21865915642282585,-0.21951045413404421,-0.22434149282098365,-0.23121416937668357,-0.229342717214037,-0.22520023954870538,-0.21825850104752384,-0.21391483518295606,-0.2131746737853589,-0.214998187379261,-0.22512996058361323,-0.23328388834285405,-0.2383344298162005,-0.24454558437965496,-0.256739382742367,-0.2639787719657997,-0.25188614021455813,-0.25426514734412464,-0.2572901551388731,-0.25121872808077067,-0.2514013504928865,-0.24739416528362737,-0.23029555776848087,-0.22810681205782443,-0.22861018711199868,-0.22502496311222797,-0.22188734778499852,-0.21626159662666142,-0.21722696200213018,-0.21707045830824667,-0.3492664146763955,
-0.17175493241319884,-0.1654923507542453,-0.16040112639297896,-0.1603333081700818,-0.15852660580757358,-0.15713589780116533,-0.16657940735406793,-0.16189991606657375,-0.16605756725742418,-0.16583076931708107,-0.15984533807012402,-0.1550699320105251,-0.15326905138817193,-0.15416655060306533,-0.16808773692745296,-0.1688555027532518,-0.1837026220645389,-0.18071110335444437,-0.17650314296276903,-0.1768176866757805,-0.17066017844594147,-0.16686367064394086,-0.16018791586668887,-0.15655227665924315,-0.1520749371833291,-0.15085501881348384,-0.15226144119438992,-0.15123825511450045,-0.14610915042724054,-0.1427436538452211,-0.14827256750870774,-0.3492664146763955,
-0.22583169044083412,-0.22000910003307567,-0.220857910600997,-0.22573451615925944,-0.23262786591287374,-0.23122266623387341,-0.22676550723899333,-0.2196554680025221,-0.21534984928948545,-0.21458655432111912,-0.21658753186473745,-0.22689557691132559,-0.23543036641902967,-0.24077034630894223,-0.2472755351813177,-0.2598462732228764,-0.26783194759109374,-0.2561178100069513,-0.26007135905964673,-0.26388719455493226,-0.25708774315877475,-0.25712915774810546,-0.25272276166532026,-0.23593076200676286,-0.233401631606448,-0.23537355866402032,-0.23330547177607108,-0.2305164064141241,-0.2245405208665233,-0.2250199419723737,-0.22538222842357486,-0.3492664146763955,
-0.22658171880969438,-0.22091835408717705,-0.22323229409171155,-0.2278094232964004,-0.23481360546033278,-0.23364154929423742,-0.2290678464503527,-0.22213943984905296,-0.2182399898235888,-0.21753783350461214,-0.2190354418385994,-0.22870312080354824,-0.23718579615212262,-0.24234867119070871,-0.24882968463770092,-0.2610648996130946,-0.2686395827505514,-0.25676479534761726,-0.2606347897824363,-0.26445227519016745,-0.2576761682673026,-0.2575273064542519,-0.25323881278142224,-0.23742309074032372,-0.23478493737213216,-0.2365337445518786,-0.23339245277512874,-0.23039401976566465,-0.2240727267013968,-0.22469756546786165,-0.2255690634054527,-0.3492664146763955,
-0.1563161300695135,-0.14955053879839436,-0.1268355296631318,-0.08160498514169734,-0.040042594577417094,-0.020387992417554207,0.009745633329922175,-0.16341231716934534,-0.15228263857400468,-0.14542787140147082,-0.12797658513960958,-0.13594723569919623,-0.1286192847794652,-0.10850850280477048,-0.08115072339799516,-0.07795040021967066,-0.05447635496994501,-0.06384347486581386,-0.03965248857837375,-0.039893108752072026,-0.0204462812095674,0.001120751350751121,0.02084281566188257,-0.0029856767758856925,-0.04900970572924892,-0.07416829041706961,-0.06482121544029922,-0.05633180875424731,-0.05901088045155206,-0.07557185879661084,-0.06800239513032316,-0.3492664146763955,
-0.2279165394125128,-0.2213882459633112,-0.2212277522662173,-0.2251190203870164,-0.23224584759322364,-0.2317535564827514,-0.22777018532170573,-0.2207125455224098,-0.21669234671920987,-0.21624530992165825,-0.21781847517541109,-0.2272459050059007,-0.23552384069402094,-0.2408221743194261,-0.24720171115963893,-0.2591937691100121,-0.266893685070049,-0.25538438263721375,-0.25967004466860444,-0.26348554410341707,-0.2574980645960607,-0.2572106321937648,-0.25296948324654234,-0.23723709597789164,-0.23462662990031002,-0.23646471237812886,-0.23344192064189137,-0.2305172063268591,-0.224620339735106,-0.22507798372915136,-0.22609786095452664,-0.3492664146763955,
-0.043433986884129555,-0.06490097742882533,-0.06888873755640917,-0.05932448827481663,-0.05052636678673657,-0.05084983139484174,-0.05421118142571159,-0.05128407512802973,-0.04806863584950961,-0.04227898069931155,-0.026214611462734766,-0.018130779425198366,-0.012915283583391909,0.005135747558399883,0.014299891631521263,0.02230321583465287,0.034811093631667955,-0.003655884839374668,-0.0017295021443609483,0.008452309595410278,0.006781514548875126,0.006781944279330395,-0.011969188731641036,-0.05362530038458352,-0.06488379900494078,-0.06258869998163157,-0.0573795993503059,-0.07208089063786617,-0.08354823313675293,-0.0584848551100606,-0.033263703271719236,-0.3492664146763955,
-0.21091733322096873,-0.2059455282035802,-0.20736238823710684,-0.21259081210885625,-0.21752556084503014,-0.21540627362444317,-0.21360549317967492,-0.20578520007978904,-0.19810353399377478,-0.19737568978440612,-0.19877529297662772,-0.20880895730522953,-0.21606146756625172,-0.21713515390297156,-0.21973456109378273,-0.23066420470913954,-0.22717965173228655,-0.2247612964306024,-0.2256690499433908,-0.22636861037843115,-0.2166981386335112,-0.21667222750823223,-0.21300206152032486,-0.20390178403954037,-0.2042641048805602,-0.20550222366035628,-0.20095348691330372,-0.2003396984851543,-0.2001639972448846,-0.19907912283327023,-0.19166431017034002,-0.3492664146763955,
-0.12863404854755525,-0.12444849001428974,-0.13152388917257496,-0.1300266114066575,-0.13101899925791904,-0.130732726267681,-0.12666335103688742,-0.13231350269143521,-0.1303330570020235,-0.13087958504274488,-0.13401649351720538,-0.13765415343659415,-0.1384821071342779,-0.13831932658495938,-0.13367190082108285,-0.14270322357758522,-0.146535490736199,-0.13596737922965876,-0.14344181120194707,-0.1361285569351119,-0.1299448385927429,-0.12939669883439534,-0.12337430367573454,-0.09426199940692045,-0.09189689599735787,-0.09043137981477944,-0.09185293123274452,-0.1071458652905983,-0.11024307792648035,-0.10815810943761886,-0.10239741972299117,2.631140323895513,
-0.22114904206130223,-0.2145854327848153,-0.21534850259476465,-0.22081167520210557,-0.22607179103792072,-0.22380054476741673,-0.21854467980444497,-0.2116712727815299,-0.20791532981536365,-0.20706910658411254,-0.20862084279809046,-0.21888927553716614,-0.22731611330006285,-0.23241550905641023,-0.23829822654508934,-0.24994234591678569,-0.2567856469988078,-0.24360366395213678,-0.24741955582619268,-0.2500859310402475,-0.2413799450384484,-0.2393907873997502,-0.2340264754675726,-0.21585741081843252,-0.21237783396463622,-0.21381013442892016,-0.21190897047233667,-0.2087695788432576,-0.20810379057046977,-0.2076759461699706,-0.20622277834764954,-0.3492664146763955,
-0.22114185788152388,-0.21533274670081398,-0.21591436034255176,-0.22019617942986258,-0.2263600204287944,-0.22481636074146033,-0.2214306781545558,-0.21540043705543105,-0.21158180594178705,-0.21136187630555692,-0.2146188212332302,-0.2246883235707712,-0.23214504579984113,-0.23719340377289166,-0.24214937967599834,-0.2523981600833648,-0.2571443749308821,-0.24677010197089486,-0.24883333259097737,-0.2506116776312653,-0.2451280028279463,-0.24295157936759032,-0.23871664289705938,-0.22454088953135218,-0.2226574542628983,-0.2241453642614115,-0.22209275530987238,-0.2203919109268618,-0.21546817324642137,-0.21594654686164955,-0.21668349169432086,-0.3492664146763955,
-0.18059578404844273,-0.17938601817655098,-0.17232975290188565,-0.17257908602990013,-0.17646431031976617,-0.17159403873489468,-0.1699187219917861,-0.17277317148600527,-0.16979041404329462,-0.16796695272884546,-0.16793881529610236,-0.17731390256873328,-0.1836910688681285,-0.18577515849691334,-0.18522106195873342,-0.1921943041293578,-0.19306734403253548,-0.1806698771559641,-0.17431120780559745,-0.17461054819462665,-0.16117024743224642,-0.15894937622124836,-0.1588506062601046,-0.14887355816426603,-0.14756835692148673,-0.14545581208852937,-0.14518258946065596,-0.1426323939546907,-0.14780559921622222,-0.15091670242761715,-0.1481164171041456,-0.3492664146763955,
-0.14461022753866154,-0.14260835091087562,-0.13542695154620027,-0.1351497416644681,-0.12929762928464544,-0.12812883599937466,-0.14618709527109047,-0.13331072546803302,-0.13635066345855598,-0.1395181720202143,-0.13763644521590984,-0.15075791493155266,-0.15892810405484517,-0.15889909581037337,-0.15431186688210471,-0.15379151009947678,-0.15344348999008192,-0.14451782578220176,-0.13795799687069218,-0.1395456327764163,-0.12501362603145505,-0.11728006523653277,-0.11235489217657046,-0.09330774429418137,-0.08953924543486344,-0.09521820435324437,-0.09569534778353268,-0.08484749788892934,-0.0858840270919941,-0.09212354965408519,-0.09293020480185275,-0.3492664146763955,
-0.1037092552245297,-0.1047687811002643,-0.09754530258323173,-0.07357878524515372,-0.05799173676385073,-0.055290004385457725,-0.033265200594511435,-0.045142550932605205,-0.0479107541293098,-0.02538028050070735,-0.02306487411871581,-0.028897777991448406,-0.02146946608832684,0.0021596860188966087,0.012541188115069823,0.04113231427753786,0.08035495317792904,0.030801237825900864,0.025582511556986057,0.021201525927436637,-0.0024373206112481985,0.0015286359969448877,0.006448921340665006,-0.01058523823097658,-0.01838427722950875,-0.007792741934550077,0.004049185363318951,0.002800940270037964,0.008511514172628689,0.007679600774233848,0.003910321206507659,-0.3492664146763955,
-0.07607746296101991,-0.09866947835778846,-0.10271692186856281,-0.0974120868025195,-0.09726642257266725,-0.10157857799001073,-0.08893774670486303,-0.0884656278927761,-0.10116315217504504,-0.09597430728871886,-0.0873275025924084,-0.07794743812658755,-0.07806513812799461,-0.08606211538927348,-0.09193518256490169,-0.09343559355899266,-0.09881804493977206,-0.09912246174595397,-0.1196425219417051,-0.13353029401427569,-0.14894939345950875,-0.14672667211865953,-0.14554091075995462,-0.1452852675647602,-0.14242996023192556,-0.1429621918251441,-0.13874022427926797,-0.13956552852858944,-0.1386605806859181,-0.14105135202110147,-0.14471213372084227,-0.3492664146763955,
-0.20300755128499964,-0.1896147944406465,-0.18817007142327272,-0.19006726755129094,-0.19673186907485468,-0.1953082856312047,-0.18303951784810535,-0.18641791528669954,-0.18283023739253548,-0.17881925413015853,-0.1758446061129918,-0.1780099001396046,-0.17603046612962386,-0.16608456357636317,-0.15857135913292442,-0.1403337912465166,-0.1305266765697088,-0.14556044964054124,-0.1612507490641917,-0.16247128654828064,-0.16845043201159496,-0.16548475408249924,-0.16027539881779948,-0.15574419497598727,-0.15234066758245915,-0.14775035247019774,-0.13829707463951932,-0.13517400761328016,-0.1295866446306205,-0.13005243911173542,-0.12784789002813157,-0.3492664146763955,
-0.12854496471830365,0.03551252722031788,0.13654104819577853,0.1474303310424834,0.23446044343965314,0.26210767209255215,0.09971103753331743,-0.0007570522790385594,0.05933920345686169,0.11506306730139591,0.1476419049394424,0.19815302796311282,0.30269074395983503,0.41630840985617096,0.5633560558644141,0.7296133907827916,0.906230864360925,0.6080564533946705,0.7336418020963714,0.8645273119517752,0.8887398615680306,0.9098744202052093,0.7483947785733525,0.4167248593674484,0.36372001751106886,0.4600048969026307,0.4427475415677883,0.4426553551823255,0.3614066165287265,0.4122610649894433,0.5245229297513756,-0.3492664146763955,
-0.03471670314107334,-0.04869103508037809,-0.0591951875109841,-0.06931532367106097,-0.056324123859509925,-0.04581097048287202,-0.06281034917154542,-0.05199698787400049,-0.02990821556232364,-0.032182606665771815,-0.03251308781880943,-0.030781723223445447,-0.01851087665052978,0.01989620298167229,0.036973094289612554,0.03161317878417564,0.07120241778712985,0.023689053649370836,0.05770601563264361,0.10555421475247737,0.12713178676833867,0.12353636216281948,0.11820789990722842,0.08299343732092122,0.07412618046338039,0.07692265095338885,0.11031440781393274,0.09982915515995561,0.06204694268128679,0.073784965954339,0.14705319250476875,-0.3492664146763955,
-0.22074385432180296,-0.2156446805733889,-0.21976687768859696,-0.2236123497489298,-0.2303494812040624,-0.22952542619579375,-0.2247111654877753,-0.21779248911762392,-0.21443775553011465,-0.2133899243583686,-0.21481349596606178,-0.2236857889171467,-0.23176085795400547,-0.23696908566501618,-0.24348051906689358,-0.25515381202609605,-0.26229188867708036,-0.25091067516342036,-0.25555963095913303,-0.2594346915496529,-0.25333653309190973,-0.25306260931570096,-0.24882927886364425,-0.2334929194286712,-0.2306929719174431,-0.23216556674454103,-0.22914110185910275,-0.22619927738317247,-0.2197958649370399,-0.22025107738990102,-0.22139596089051702,-0.3492664146763955,
-0.23080314284745593,-0.22432573387824029,-0.2250186293347258,-0.22982131806928974,-0.23697990096158209,-0.23562032204005542,-0.23141055734127003,-0.22417984529441765,-0.21986908782819822,-0.21939449721493268,-0.22110598233035703,-0.2311964133064286,-0.23967872933927506,-0.24514495431884611,-0.25169574847933385,-0.26440737691772354,-0.2728044074111041,-0.2610716032114342,-0.26483635569353164,-0.26873802400799024,-0.26206413836232456,-0.2620765525458456,-0.25787934100831256,-0.2414382466040014,-0.23895935463506193,-0.24081284858663587,-0.2380032701896299,-0.23488712959832267,-0.2290373809054813,-0.22940594074959622,-0.23010219829422596,-0.3492664146763955,
-0.2300013883841915,-0.22346559281684214,-0.22397690864435518,-0.22896052416478171,-0.23598367953518917,-0.23484237247622336,-0.23098031058483864,-0.22380147781004933,-0.21954125699517188,-0.2189231902730821,-0.2205549030866491,-0.2305684315624296,-0.23916419204574513,-0.2445853737681531,-0.2510282562833217,-0.2636042400173161,-0.27180116275079264,-0.2600030467443732,-0.2638526460276841,-0.2676721268097623,-0.2606235476055537,-0.2602379971305901,-0.2561006848281478,-0.24006101123518309,-0.23784507734083746,-0.23985975922002672,-0.23699082784988784,-0.23393083392359548,-0.22792666759490507,-0.22846503492135117,-0.22941588658159806,-0.3492664146763955,
-0.2037374639504805,-0.2028859214959835,-0.20485116333026074,-0.20633120885293701,-0.2129459160789255,-0.21235997481540514,-0.20654160273360028,-0.20050836315796328,-0.19998001354723227,-0.19870697887339966,-0.1983030819580157,-0.204207174169308,-0.21085692284219654,-0.21652536496712232,-0.22209077778569672,-0.2308262598881551,-0.2364840331423926,-0.2280467584740051,-0.23591357859033346,-0.2407294145221233,-0.2381346754890051,-0.23794781860115508,-0.23398273399201727,-0.2211895844254935,-0.2185753830251981,-0.21988095739913,-0.21633098552869376,-0.21382742706684615,-0.20822808562453138,-0.2083105593540155,-0.20956364693783375,-0.3492664146763955,
-0.23104022078014164,-0.2245553703035827,-0.22512095219543676,-0.22986520168010782,-0.23697075082218924,-0.23566169011139657,-0.23158357882508962,-0.22432413797913436,-0.2200651829583827,-0.21961076793283818,-0.22145739518141713,-0.23152531175692065,-0.24005691425001954,-0.24550289151625032,-0.25206256158705026,-0.26470293129707345,-0.27300266924417294,-0.2611454114054875,-0.2649116021418521,-0.2687202959880613,-0.26199846591717635,-0.26209807409752917,-0.2579048978254909,-0.24149069421325117,-0.23901165263914603,-0.24085872157951468,-0.23800904144075222,-0.23491272680584357,-0.22892857309457754,-0.22937517162552132,-0.2302147084110502,-0.3492664146763955,
-0.020254949247244323,-0.029517057253378394,-0.03629705721164223,-0.037152012603795796,-0.050732244923074946,-0.04206256357412737,-0.05576260739729395,-0.06299636578822149,-0.0677797160892312,-0.08177185004966257,-0.09263363697702354,-0.04828881071564331,-0.020701090396655502,-0.012056575294295137,-0.018658689046919016,-0.02766689125949608,-0.06360634553691696,-0.04141775276992265,-0.010133245726294078,-0.01517747896800688,-0.034396159318166836,-0.05734049412613887,-0.07121283981465418,-0.07377732298678856,-0.0872466140125817,-0.07168669511298266,-0.07213668847004782,-0.08019880502930818,-0.09550597328979983,-0.08344490841927656,-0.09243788780580971,-0.3492664146763955,
0.6739552164071302,0.47765158034257355,0.4291708689680669,0.46043187303346034,0.4944856734024395,0.44099240547639545,0.4812141815430532,0.45489893819705274,0.3815023844128419,0.4204526231573545,0.48527178491508305,0.6134651206345992,0.6759669689240514,0.6889213155633167,0.7168215859302796,0.7872679117400387,0.8084765082460821,0.7290260886320871,0.6052695259824872,0.5508682253520409,0.43381685181480706,0.43187614555154574,0.41583079731259825,0.338817820834992,0.3413718082523163,0.3431588127695286,0.34766246923775446,0.32216849946857934,0.2771488657917052,0.2694989726155019,0.2467340875533195,-0.3492664146763955,
-0.21482696385634964,-0.20856046322048497,-0.20805645776217033,-0.2133717153372596,-0.218577826875204,-0.21495811951824745,-0.21013814264393024,-0.204385026620686,-0.2003681813433923,-0.20040552012487423,-0.20159857576866752,-0.2110283230533091,-0.21945398345492564,-0.22250178242604315,-0.22675630215574963,-0.23782461636343857,-0.24152081201861592,-0.22855410669078635,-0.22955433606764333,-0.23178230446423317,-0.22563852262620615,-0.2233346850079958,-0.21802299314137033,-0.20080349008571077,-0.1981998921727533,-0.1994812820027914,-0.19972544712092116,-0.19995814011054547,-0.195645693330785,-0.19880394896228218,-0.2050874489869685,2.631140323895513,
0.17552544440058035,0.057714254678566196,0.05673661367453391,0.07038646353703823,0.09613435493617412,0.07186280667319392,0.08026111579887737,0.06809086619017042,0.0438225477709832,0.02724899467260933,0.04460006968569521,0.0796554816967362,0.08986525592352157,0.07173474103016819,0.07288002183384859,0.08556113370860911,0.06981591112175557,0.02863486758963172,0.037888670535960095,0.04874643689203709,0.027642760784870806,0.037951300131938995,0.027460556879323573,0.0031657479126973517,0.0032911252739996114,-0.0005603969698932034,-0.009698347042242041,-0.022031550676202927,-0.012298575325919072,-0.007239228612447382,-0.03098895327338178,-0.3492664146763955,
0.17054824465013585,0.1360999184111943,0.14575996810417083,0.1667593737766522,0.15153273012255739,0.10243036405501992,0.11758531028844034,0.09319138032267116,0.06025129721623249,0.07244549413526918,0.08717992624980059,0.10555367243293268,0.10557236437067825,0.0926497726983997,0.08714574502304445,0.08524559014418237,0.10247341460159692,0.10655371259469379,0.10054082103872754,0.12716522504648578,0.09798530485244646,0.09921700876035998,0.09858714499577804,0.0948679645558808,0.08428000285992657,0.06813285107516558,0.060509335092859516,0.053137848859944145,0.06393320947615172,0.049703231277806625,0.044459308249713995,-0.3492664146763955,
-0.22339769033192738,-0.2180923659394663,-0.21886446402545934,-0.22321177114761626,-0.22853203476716424,-0.22553340731137345,-0.218868806717467,-0.21225806303271125,-0.20804907675030998,-0.20716500020431589,-0.20869971102318632,-0.21866193496515463,-0.2270408358480243,-0.23198144946860785,-0.23796832544821234,-0.24957754328913392,-0.2550576525607564,-0.24236155848824767,-0.24613914268526044,-0.25042885742574805,-0.24178921571661194,-0.23934928155007473,-0.2339866658100447,-0.21911499010405774,-0.21621019401166452,-0.21780776534232368,-0.21530164166780782,-0.2112825047003513,-0.20350844754937988,-0.20546161818398925,-0.20448500845233689,-0.3492664146763955,
-0.06536297723958098,-0.053870464743303155,-0.04478492342844899,-0.03991668008533338,-0.028205745505384888,-0.06369346843317372,-0.10098926979117719,-0.08959645500707457,-0.09364717780069276,-0.09750452463238964,-0.08784963020918238,-0.09009990976898972,-0.09225264643492627,-0.09276655443295988,-0.08208275167168957,-0.07738499184178381,-0.08052888815146347,-0.07452172521088644,-0.056863737172252064,-0.06380709963497516,-0.05366603086333141,-0.04735500656284922,-0.0583469482743519,-0.04732090350235529,-0.04484094230459851,-0.03819228440961522,-0.029859800605802525,-0.0180147888772547,-0.0307756506308181,-0.053159698750279136,-0.04796059298669741,-0.3492664146763955,
-0.22729869995157428,-0.22204928029753385,-0.22352570181278636,-0.22787243566065193,-0.23475527332170354,-0.23340138465784024,-0.22938851293369839,-0.22231259107071305,-0.2184622309711312,-0.21798873754854714,-0.21950565619328496,-0.22919507089380264,-0.23778437453692908,-0.2433949491523518,-0.25003701499223907,-0.2625812220810638,-0.27049356296881366,-0.2586066755055257,-0.262597315036192,-0.2664084513892021,-0.2598738309717419,-0.25976913475462615,-0.2555271308733944,-0.2393864767051095,-0.2368203191527029,-0.2386661706674508,-0.23574176421413115,-0.23267217123502731,-0.22652606486111795,-0.2269678373157974,-0.22797234768876817,-0.3492664146763955,
-0.23117097285210772,-0.22471200092896074,-0.22538477258329392,-0.23016000952714194,-0.23730587467745115,-0.23601216960470345,-0.23186733405855375,-0.22463516887730153,-0.22028340164171617,-0.2198443811139719,-0.2216201232914251,-0.23166600202894416,-0.24020012713005207,-0.24567700123896954,-0.25225250464282795,-0.2649320930259897,-0.2732380637282513,-0.26142734540799767,-0.2652052468182245,-0.2690720863835263,-0.26237358692386287,-0.2625259430417149,-0.2583452614445646,-0.2419136744693304,-0.23946301739511522,-0.24130854413104516,-0.23847651278165918,-0.2353558784610497,-0.22934394889824672,-0.22975104444802721,-0.2305890602543018,-0.3492664146763955,
-0.2058381181176716,-0.20275583843422887,-0.20356781275194616,-0.20719537841981564,-0.212021752000251,-0.21126027358558644,-0.20573186218932457,-0.1991231533846827,-0.19783704573993435,-0.1964167535823724,-0.19756930796503502,-0.20502336409177557,-0.21234736586912156,-0.2184762036742416,-0.2247476735659065,-0.2360048866219821,-0.2422754005337742,-0.23131825680501925,-0.23716034494543137,-0.24264237867258115,-0.23776480827793045,-0.23781202785838956,-0.23385347547436505,-0.2198944198526309,-0.21876101738203718,-0.22273354496601386,-0.2210778395767922,-0.21880008458415404,-0.2126455239037056,-0.21359096062423344,-0.21487071505445868,-0.3492664146763955,
-0.22618946259379621,-0.21923258379709124,-0.21792506619579968,-0.22198415526550083,-0.22873333783380623,-0.22660667894005754,-0.22261875901011705,-0.21648423544285889,-0.21268798359923788,-0.21203619208166785,-0.21339187125040948,-0.22372492131068966,-0.23117943081231665,-0.23579890636581013,-0.24165029852944084,-0.2526437415000227,-0.2586005053168993,-0.24560512939448495,-0.25032969692099183,-0.25406642551491876,-0.2463663224536607,-0.24619006047807374,-0.24228280184795067,-0.22869833381642043,-0.22571712307841363,-0.22752794077514812,-0.2245834624013714,-0.22033991659908492,-0.21464139272707214,-0.2149010959413773,-0.2141070100190456,-0.3492664146763955,
-0.19953902928800973,-0.17846349034063788,-0.1787563682378644,-0.18732510448555748,-0.18484698177101017,-0.1766662239265559,-0.18214903394471385,-0.18993651912438447,-0.18797496911573408,-0.1814032811511706,-0.17953444104912303,-0.18517858194721343,-0.18487364708109144,-0.17624852231984767,-0.16960420537277096,-0.1628723113200833,-0.1532405865756369,-0.18378444995727927,-0.18222370831434917,-0.17896720909216524,-0.17026929605241942,-0.16882571877242838,-0.19300237764647962,-0.19797180481223417,-0.1956796937597272,-0.1915755393174275,-0.18471153732623652,-0.1740053713788964,-0.16736479599817533,-0.1599313564832892,-0.17910579455451844,2.1344058674668616,
1.6238273509978758,1.3104048477286117,1.3072994955617747,1.2846594775221583,1.3901104673107092,1.5588025085246895,1.6771444450868853,1.5811717478320046,1.4581702388110416,1.4622745778283077,1.5638766263222104,1.686084959370923,1.8383778926670808,1.8172422079896657,1.8343811611068392,1.943663685417324,1.6909187085776904,1.3516999410910855,1.2602036004881625,1.2083932825085657,1.1594879138702834,1.1659296434502369,1.2487102674522408,1.1834321776894114,1.0370120605409254,0.9545856830481169,0.9493145742739323,0.907806210427171,0.8452531106339296,0.8621196449300094,0.8161307418134327,-0.3492664146763955,
-0.2092276141370996,-0.20107935979141123,-0.19979049654449577,-0.20432381496320842,-0.20938994315739218,-0.20633977132217607,-0.20029091326147774,-0.19698548398147195,-0.19556234222979454,-0.19686663748141164,-0.20702750498476105,-0.21964583514566344,-0.2276239781140249,-0.23057966374755198,-0.2360781228931456,-0.2469446820547317,-0.251577792694719,-0.2387489466117436,-0.2386469211195667,-0.24042083617523508,-0.23335687375958344,-0.23068480732583982,-0.2279523080924257,-0.21397366751954455,-0.21264780474247583,-0.21287842276773028,-0.21206891657486918,-0.211067728130996,-0.2082701791572168,-0.20917384307379883,-0.20624971258773778,-0.3492664146763955,
-0.23112643093748192,-0.22468943549988085,-0.22532929633351087,-0.23011275025395328,-0.23725669267821475,-0.2359535648369702,-0.2318096602306139,-0.22455928161348757,-0.22021401413411243,-0.21976685010189256,-0.2215412550663292,-0.2315607172558405,-0.2400852138011637,-0.2455733452180018,-0.25214253761053557,-0.26477646294217744,-0.27308024996146074,-0.2612424924535217,-0.26503089529162843,-0.2688931441823685,-0.26223436134014866,-0.26237016800095747,-0.25818110804191885,-0.24176458728377778,-0.239296229165874,-0.24112148920862655,-0.23829183274574534,-0.2351882967430611,-0.2291382465404067,-0.22958601005526183,-0.2304175675610818,-0.3492664146763955,
-0.1446418379296863,-0.1454914163203767,-0.15367493930817178,-0.14327046010738906,-0.1568784369494425,-0.13780666646701642,-0.12618119783531015,-0.12061617571706593,-0.1022311164225112,-0.09442980791650717,-0.12670371188647991,-0.15388384779671094,-0.14413344174154818,-0.12978228148307003,-0.11519436339506817,-0.09890906077270258,-0.07005615440066422,-0.08301631691387552,-0.07071826005934817,-0.09397077154345461,-0.06686881923592494,-0.13007616496612018,-0.153046259897091,-0.1812045955106863,-0.18646111044522562,-0.18990273386836962,-0.19661845285600424,-0.2063622414671878,-0.21214993212265476,-0.20993363064896658,-0.19901360737719898,1.6376714110382102,
-0.2134260487995704,-0.20273990989605484,-0.20008390426557057,-0.20067922482372927,-0.2016958196954576,-0.1970296570442334,-0.19222465168580824,-0.18589311744821133,-0.18068023027287194,-0.17790010357906033,-0.17731415076287957,-0.18505093580637091,-0.18647728831259303,-0.1866133146039571,-0.18764956467187455,-0.1948792800248532,-0.19074257484611648,-0.17584308724034786,-0.17781842640902049,-0.1743950419523654,-0.1600832371201535,-0.15375140907176355,-0.1441023568391637,-0.1271320816261857,-0.12086198065572508,-0.11811461759500856,-0.11316245153742129,-0.10284753420891987,-0.09201578405610134,-0.10063750614526565,-0.09218320581408936,-0.3492664146763955,
-0.22623400450842202,-0.22024404597114272,-0.2211094029333468,-0.22611821644871985,-0.2334387970165621,-0.2313226390729478,-0.22803087102399394,-0.22120634715455148,-0.21686631829624534,-0.2160810665934376,-0.21761581378687359,-0.22728690084675526,-0.23506332981631167,-0.23914424248001093,-0.24266307182684643,-0.2551081224602062,-0.2615876944740065,-0.2514399663568121,-0.2530330632228454,-0.25630791203468495,-0.24922281112782668,-0.24838782083928632,-0.2452203613917045,-0.23180876842053935,-0.22978364626084555,-0.22998993984926738,-0.22782814222877762,-0.22623767319445387,-0.2223464947524962,-0.2221713504514847,-0.22104206543214255,-0.3492664146763955,
